name_english,name_arabic,calories,protein (g),fat (g),carbohydrates (g),recipe_english,recipe_arabic,food_type,serving_size_english,serving_size_arabic,bread_suggestion_english,bread_suggestion_arabic,tags,Column1,_1,meal,Column2,_2,Column3,_3
Ful Medames (Upgraded - 300g),فول مدمس مطور (300 جرام),320,17,11,42,"Upgraded Ful Medames with tahini (2 tbsp), more vegetables (50g tomato, 30g onion, 10g parsley), and olive oil (1 tbsp). Serve with 100g whole wheat pita bread (approx. 1 medium pita).","فول مدمس مطور مع طحينة (2 ملعقة كبيرة)، المزيد من الخضروات (50 جرام طماطم، 30 جرام بصل، 10 جرام بقدونس)، وزيت زيتون (1 ملعقة كبيرة). يقدم مع 100 جرام خبز بيتا القمح الكامل (حوالي 1 خبز بيتا متوسط).",egyptian,300g serving,300 جرام للوجبة,100g whole wheat pita bread (1 medium pita),100 جرام خبز بيتا القمح الكامل (1 خبز بيتا متوسط),"vegan,vegetarian,high-protein,moderate-fat,high-carb,breakfast,fiber-rich",,,breakfast,,,,
Taameya (Egyptian Falafel - Baked - 4 pieces),طعمية مصرية (فلافل - مخبوزة - 4 قطع),200,13,7,28,"Baked Taameya (4 pieces - approx. 100g) for a healthier option. Mix ground fava beans with herbs and spices, bake until golden.","طعمية مخبوزة (4 قطع - حوالي 100 جرام) لخيار صحي أكثر. اخلط الفول المطحون مع الأعشاب والتوابل، واخبزها حتى يصبح لونها ذهبياً.",egyptian,4 pieces (approx. 100g),4 قطع (حوالي 100 جرام),No bread suggested,لا يقترح خبز,"vegan,vegetarian,high-protein,low-fat,moderate-carb,breakfast,baked",,,breakfast,,,,
Shakshuka (2 eggs - 250g),شكشوكة (2 بيضة - 250 جرام),250,17,14,18,Shakshuka: Poached eggs (2 large) in a spicy tomato and pepper sauce (approx. 200g sauce). Serve with 50g whole wheat bread (1 slice).,شكشوكة: بيض مسلوق (2 كبير) في صلصة طماطم وفلفل حارة (حوالي 200 جرام صلصة). يقدم مع 50 جرام خبز القمح الكامل (1 شريحة).,egyptian/middle_eastern,250g serving (2 eggs + sauce),250 جرام للوجبة (2 بيضة + صلصة),50g whole wheat bread (1 slice),50 جرام خبز القمح الكامل (1 شريحة),"vegetarian,high-protein,moderate-fat,moderate-carb,breakfast,spicy",,,breakfast,,,,
Labneh with Za'atar and Olives (150g Labneh),لبنة بالزعتر والزيتون (150 جرام لبنة),280,9,20,18,"Creamy labneh (150g) topped with za'atar (1 tsp), olive oil (1 tbsp), and olives (10g). Serve with 100g whole wheat pita bread or 150g vegetables (cucumber, tomato).","لبنة كريمية (150 جرام) مغطاة بالزعتر (1 ملعقة صغيرة) وزيت الزيتون (1 ملعقة كبيرة) والزيتون (10 جرام). تقدم مع 100 جرام خبز بيتا القمح الكامل أو 150 جرام خضروات (خيار، طماطم).",egyptian/middle_eastern,150g Labneh serving,150 جرام لبنة للوجبة,100g whole wheat pita bread or 150g vegetables,100 جرام خبز بيتا القمح الكامل أو 150 جرام خضروات,"vegetarian,moderate-protein,high-fat,moderate-carb,breakfast,mediterranean",,,breakfast,,,,
Baladi Bread with Honey and Cheese (100g bread),خبز بلدي بالعسل والجبن (100 جرام خبز),300,8,13,38,"Baladi bread (100g - approx. 1/2 loaf) served with a drizzle of honey (1 tbsp) and a slice of local cheese (30g, like Mish cheese).","خبز بلدي (100 جرام - حوالي نصف رغيف) يقدم مع رشة عسل (1 ملعقة كبيرة) وشريحة جبن محلي (30 جرام، مثل جبنة مش).",egyptian,100g bread serving + toppings,100 جرام خبز للوجبة + الإضافات,No additional bread,لا خبز إضافي,"vegetarian,moderate-protein,moderate-fat,high-carb,breakfast,traditional",,,breakfast,,,,
Eggs with Sausage and Peppers (350g),بيض بالنقانق والفلفل (350 جرام),400,28,30,10,Scrambled eggs (2 large) with sliced sausage (80g chicken or beef) and sautéed bell peppers and onions (approx. 150g veggies).,بيض مخفوق (2 كبير) مع شرائح نقانق (80 جرام دجاج أو لحم بقري) وفلفل حلو وبصل مقلي (حوالي 150 جرام خضروات).,egyptian/american,350g serving,350 جرام للوجبة,No bread suggested,لا يقترح خبز,"high-protein,high-fat,low-carb,breakfast",,,breakfast,,,,
Mediterranean Omelette (1 Omelette),أومليت متوسطي (1 أومليت),320,22,22,9,"Omelette (2 eggs) filled with feta cheese (30g), spinach (30g), olives (10g), and sun-dried tomatoes (10g).",أومليت (2 بيضة) محشو بالجبن الفيتا (30 جرام) والسبانخ (30 جرام) والزيتون (10 جرام) والطماطم المجففة بالشمس (10 جرام).,egyptian/mediterranean,1 Omelette serving,1 وجبة أومليت,No bread suggested,لا يقترح خبز,"vegetarian,high-protein,moderate-fat,low-carb,breakfast,mediterranean",,,breakfast,,,,
Hard-Boiled Eggs (2),بيض مسلوق (2),140,12,10,1,Two hard-boiled eggs (approx. 120g total weight) for a quick protein boost.,بيضتان مسلوقتان (حوالي 120 جرام الوزن الإجمالي) لزيادة البروتين بسرعة.,egyptian,2 eggs (approx. 120g),2 بيضة (حوالي 120 جرام),No bread suggested,لا يقترح خبز,"high-protein,moderate-fat,very-low-carb,breakfast,quick",,,breakfast,,,,
Pancakes with Berries and Maple Syrup (2 pancakes),بان كيك مع التوت وشراب القيقب (2 بان كيك),400,8,15,60,Fluffy pancakes (2 medium pancakes - approx. 150g) served with fresh berries (50g) and maple syrup (2 tbsp - 30ml).,فطائر بان كيك رقيقة (2 بان كيك متوسط - حوالي 150 جرام) تقدم مع التوت الطازج (50 جرام) وشراب القيقب (2 ملعقة كبيرة - 30 مل).,american,2 pancakes + toppings,2 بان كيك + الإضافات,No bread suggested,لا يقترح خبز,"vegetarian,moderate-protein,moderate-fat,high-carb,breakfast,sweet",,,breakfast,,,,
Breakfast Quesadilla (1 Quesadilla),كيساديلا إفطار (1 كيساديلا),480,27,27,38,"Whole wheat tortilla (1 large - approx. 60g) filled with scrambled eggs (2), black beans (50g), cheese (30g), and salsa (30g). Grilled until golden.",تورتيلا قمح كامل (1 كبير - حوالي 60 جرام) محشوة بالبيض المخفوق (2) والفاصوليا السوداء (50 جرام) والجبن (30 جرام) والصلصة (30 جرام). مشوية حتى يصبح لونها ذهبياً.,american/mexican,1 Quesadilla serving,1 وجبة كيساديلا,No bread suggested,لا يقترح خبز,"vegetarian,high-protein,high-fat,moderate-carb,breakfast,mexican",,,breakfast,,,,
High-Protein Breakfast Bowl (Quinoa & Eggs - 350g),وعاء إفطار عالي البروتين (كينوا وبيض - 350 جرام),370,22,17,33,"Quinoa bowl (200g cooked quinoa) with scrambled eggs (2), avocado (50g), black beans (50g), and salsa (30g).",وعاء كينوا (200 جرام كينوا مطبوخة) مع بيض مخفوق (2) وأفوكادو (50 جرام) وفاصوليا سوداء (50 جرام) وصلصة (30 جرام).,american,350g serving,350 جرام للوجبة,No bread suggested,لا يقترح خبز,"vegetarian,high-protein,moderate-fat,moderate-carb,breakfast,bowl",,,breakfast,,,,
Overnight Oats with Chia Seeds and Fruit (300g),شوفان ليلي مع بذور الشيا والفواكه (300 جرام),320,11,11,48,"Overnight oats made with rolled oats (50g), chia seeds (10g), milk (200ml dairy or non-dairy), and topped with fruit (40g mixed fruit) in the morning.",شوفان ليلي مصنوع من الشوفان الكامل (50 جرام) وبذور الشيا (10 جرام) والحليب (200 مل ألبان أو غير ألبان) ومغطى بالفواكه (40 جرام فواكه مشكلة) في الصباح.,american,300g serving,300 جرام للوجبة,No bread suggested,لا يقترح خبز,"vegan,vegetarian,moderate-protein,moderate-fat,high-carb,breakfast,overnight,fiber-rich",,,breakfast,,,,
Whole Wheat Toast with Peanut Butter and Banana (2 slices),توست قمح كامل بزبدة الفول السوداني والموز (2 شريحة),280,10,14,34,Whole wheat toast (2 slices - approx. 70g bread) topped with peanut butter (2 tbsp - 32g) and sliced banana (50g).,توست قمح كامل (2 شريحة - حوالي 70 جرام خبز) مغطى بزبدة الفول السوداني (2 ملعقة كبيرة - 32 جرام) والموز المقطع (50 جرام).,american,2 slices toast + toppings,2 شريحة توست + الإضافات,Already includes bread (toast),يحتوي بالفعل على خبز (توست),"vegetarian,vegan,moderate-protein,moderate-fat,moderate-carb,breakfast,quick",,,breakfast,,,,
Breakfast Salad with Grilled Halloumi (300g),سلطة إفطار مع حلوم مشوي (300 جرام),350,24,22,17,"Mixed greens salad (150g) with grilled halloumi cheese (80g), cherry tomatoes (40g), cucumbers (30g), and a light vinaigrette (2 tbsp).",سلطة خضراء مشكلة (150 جرام) مع جبنة حلوم مشوية (80 جرام) وطماطم كرزية (40 جرام) وخيار (30 جرام) وصلصة فينيجريت خفيفة (2 ملعقة كبيرة).,american/mediterranean,300g serving,300 جرام للوجبة,No bread suggested,لا يقترح خبز,"vegetarian,high-protein,high-fat,moderate-carb,breakfast,salad,mediterranean",,,breakfast,,,,
Smoked Salmon and Avocado Toast (Whole Wheat - 1 slice),توست سلمون مدخن وأفوكادو (قمح كامل - 1 شريحة),380,20,22,28,"Whole wheat toast (1 slice - approx. 35g bread) topped with mashed avocado (50g), smoked salmon (50g), and a squeeze of lemon juice (5ml).",توست قمح كامل (1 شريحة - حوالي 35 جرام خبز) مغطى بالأفوكادو المهروس (50 جرام) والسلمون المدخن (50 جرام) وعصير الليمون (5 مل).,american,1 slice toast + toppings,1 شريحة توست + الإضافات,Already includes bread (toast),يحتوي بالفعل على خبز (توست),"high-protein,high-fat,moderate-carb,breakfast,omega-3",,,breakfast,,,,
Protein Smoothie (Whey & Fruit - 350ml),سموذي بروتين (مصل اللبن والفواكه - 350 مل),320,32,9,30,"Protein smoothie made with whey protein powder (30g), milk (200ml), banana (1 medium - 120g), and berries (50g).",سموذي بروتين مصنوع من مسحوق بروتين مصل اللبن (30 جرام) والحليب (200 مل) والموز (1 متوسط - 120 جرام) والتوت (50 جرام).,american,350ml serving,350 مل للوجبة,No bread suggested,لا يقترح خبز,"high-protein,low-fat,moderate-carb,breakfast,smoothie",,,breakfast,,,,
Breakfast Frittata with Vegetables (1 slice - 200g),فريتاتا إفطار بالخضروات (1 شريحة - 200 جرام),350,22,24,12,"Frittata baked with eggs (2), mixed vegetables (100g peppers, onions, zucchini), and a sprinkle of cheese (20g). Serving size is one slice (approx. 200g).","فريتاتا مخبوزة بالبيض (2) والخضروات المشكلة (100 جرام فلفل، بصل، كوسة) ورشة جبن (20 جرام). حجم الوجبة شريحة واحدة (حوالي 200 جرام).",american/italian,1 slice (approx. 200g),1 شريحة (حوالي 200 جرام),No bread suggested,لا يقترح خبز,"vegetarian,high-protein,high-fat,low-carb,breakfast,italian",,,breakfast,,,,
Lentil Soup (Breakfast Style - 300ml),شوربة عدس (على طريقة الإفطار - 300 مل),270,17,9,33,Hearty lentil soup (300ml) seasoned with cumin and lemon. Can be served with 50g whole wheat bread (1 slice).,شوربة عدس دسمة (300 مل) متبلة بالكمون والليمون. يمكن تقديمها مع 50 جرام خبز القمح الكامل (1 شريحة).,egyptian/middle_eastern,300ml soup serving,300 مل شوربة للوجبة,50g whole wheat bread (1 slice - optional),50 جرام خبز القمح الكامل (1 شريحة - اختياري),"vegan,vegetarian,high-protein,moderate-fat,moderate-carb,breakfast,soup,fiber-rich",,,breakfast,,,,
Scrambled Eggs with Cheese and Toast (American - 350g),بيض مخفوق مع الجبن والخبز المحمص (أمريكي - 350 جرام),400,22,27,20,Scrambled eggs (2 large) with cheese (30g cheddar) and served with 2 slices of whole wheat toast (70g).,بيض مخفوق (2 كبير) مع جبن (30 جرام شيدر) ويقدم مع شريحتين من خبز القمح الكامل المحمص (70 جرام).,american,350g serving,350 جرام للوجبة,Already includes bread (toast),يحتوي بالفعل على خبز (توست),"high-protein,high-fat,moderate-carb,breakfast",,,breakfast,,,,
Oatmeal with Berries and Nuts (American - 300g),شوفان مع التوت والمكسرات (أمريكي - 300 جرام),340,11,13,48,Cooked oatmeal (200g) topped with berries (50g) and nuts (20g mixed nuts).,شوفان مطبوخ (200 جرام) مغطى بالتوت (50 جرام) والمكسرات (20 جرام مكسرات مشكلة).,american,300g serving,300 جرام للوجبة,No bread suggested,لا يقترح خبز,"vegetarian,vegan,moderate-protein,moderate-fat,high-carb,breakfast",,,breakfast,,,,
Whole Wheat French Toast (American - 2 slices),توست فرنسي (أمريكي - 2 شريحة),380,13,12,60,Whole-wheat French toast (2 slices - approx. 80g bread) served with a drizzle of syrup (2 tbsp - 30ml) and fruit (30g).,توست فرنسي بالقمح الكامل (2 شريحة - حوالي 80 جرام خبز) يقدم مع رشة شراب (2 ملعقة كبيرة - 30 مل) وفاكهة (30 جرام).,american,2 slices French toast + toppings,2 شريحة توست فرنسي + الإضافات,Already includes bread (French toast),يحتوي بالفعل على خبز (توست فرنسي),"vegetarian,moderate-protein,moderate-fat,high-carb,breakfast",,,breakfast,,,,
Whole Wheat Bagel with Avocado (American - 1 bagel),خبز البيغل مع الأفوكادو (أمريكي - 1 بيغل),300,9,13,38,Toasted whole-wheat bagel (1 medium - approx. 80g) and spread with mashed avocado (50g).,خبز البيغل المصنوع من القمح الكامل المحمص (1 متوسط - حوالي 80 جرام) ومدهون بالأفوكادو المهروس (50 جرام).,american,1 bagel serving,1 وجبة بيغل,Already includes bread (bagel),يحتوي بالفعل على خبز (بيغل),"vegetarian,vegan,moderate-protein,moderate-fat,moderate-carb,breakfast",,,breakfast,,,,
Egg and Veggie Breakfast Sandwich (American - 1 sandwich),ساندويتش الإفطار (أمريكي - 1 ساندويتش),380,22,17,38,"Make a sandwich with a fried egg (1 large), spinach (20g), tomato (30g), and a slice of low-fat cheese (20g) on a whole-wheat English muffin (1 muffin - approx. 60g).",اصنع ساندويتش ببيضة مقلية (1 كبير) وسبانخ (20 جرام) وطماطم (30 جرام) وشريحة جبن قليل الدسم (20 جرام) على مافن إنجليزي من القمح الكامل (1 مافن - حوالي 60 جرام).,american,1 sandwich serving,1 وجبة ساندويتش,Already includes bread (English muffin),يحتوي بالفعل على خبز (مافن إنجليزي),"high-protein,moderate-fat,moderate-carb,breakfast",,,breakfast,,,,
High-Protein Waffles (American - 2 waffles),وافل (أمريكي - 2 وافل),340,22,11,40,Prepare waffle batter using protein powder (20g) and whole wheat flour. Serve with berries (30g). Serving size is 2 medium waffles (approx. 120g waffles)., جهز عجينة الوافل باستخدام مسحوق البروتين (20 جرام) ودقيق القمح الكامل. تقدم مع التوت (30 جرام). حجم الوجبة 2 وافل متوسط (حوالي 120 جرام وافل).,american,2 waffles + toppings,2 وافل + الإضافات,No bread suggested,لا يقترح خبز,"vegetarian,high-protein,moderate-fat,moderate-carb,breakfast",,,breakfast,,,,
Keto Scrambled Eggs with Avocado,بيض مخفوق كيتو مع الأفوكادو,350,22,28,5,Scrambled eggs (2 large) cooked in butter with diced avocado (1/2 medium avocado - approx. 70g).,بيض مخفوق (2 كبير) مطبوخ بالزبدة مع أفوكادو مقطع (1/2 أفوكادو متوسط - حوالي 70 جرام).,keto,350g serving,350 جرام للوجبة,No bread suggested,لا يقترح خبز,"keto,high-protein,high-fat,very-low-carb,breakfast",,,breakfast,,,,
Greek Yogurt with Nuts and Seeds,زبادي يوناني بالمكسرات والبذور,320,20,15,12,Greek yogurt (200g) topped with mixed nuts (30g) and seeds (10g - flax, chia, or pumpkin seeds).,زبادي يوناني (200 جرام) مغطى بالمكسرات المشكلة (30 جرام) والبذور (10 جرام - بذور الكتان أو الشيا أو اليقطين).,mediterranean,300g serving,300 جرام للوجبة,No bread suggested,لا يقترح خبز,"vegetarian,high-protein,moderate-fat,low-carb,breakfast,mediterranean",,,breakfast,,
Oatmeal with Chia and Berries,شوفان مع الشيا والتوت,370,18,9,50,Cooked oatmeal (200g) with chia seeds (10g) and topped with mixed berries (50g).,شوفان مطبوخ (200 جرام) مع بذور الشيا (10 جرام) ومغطى بالتوت المشكل (50 جرام).,american,300g serving,300 جرام للوجبة,No bread suggested,لا يقترح خبز,"vegan,vegetarian,moderate-protein,low-fat,high-carb,breakfast,fiber-rich",,,breakfast,,,,
High-Protein Egg Muffins (3 muffins),مافن البيض عالي البروتين (3 مافن),380,30,25,10,"Egg muffins (3 muffins) made with eggs (3), spinach (50g), feta cheese (30g), and diced chicken breast (50g). Baked until set.","مافن البيض (3 مافن) مصنوع من البيض (3)، سبانخ (50 جرام)، جبنة فيتا (30 جرام)، وصدور دجاج مقطعة (50 جرام). يُخبز حتى يتماسك.",american,3 muffins serving,3 مافن للوجبة,No bread suggested,لا يقترح خبز,"high-protein,high-fat,low-carb,breakfast,make-ahead",,,breakfast,,,,
Steak and Eggs (150g Steak + 2 Eggs),ستيك وبيض (150 جرام ستيك + 2 بيضة),520,45,35,5,Grilled steak (150g sirloin or ribeye) served with two fried eggs. Season steak with salt and pepper.,ستيك مشوي (150 جرام سيرلوين أو ريب آي) يقدم مع بيضتين مقليتين. تبّل الستيك بالملح والفلفل.,american,1 serving (steak and eggs),1 وجبة (ستيك وبيض),No bread suggested,لا يقترح خبز,"high-protein,high-fat,very-low-carb,breakfast,keto",,,breakfast,,,,
Tofu Scramble with Black Beans (300g),توفو مخفوق مع الفاصوليا السوداء (300 جرام),300,20,15,25,"Tofu scramble (250g tofu) seasoned with turmeric and cumin, mixed with black beans (50g) and topped with salsa (optional).","توفو مخفوق (250 جرام توفو) متبل بالكركم والكمون، مخلوط بالفاصوليا السوداء (50 جرام) ومغطى بالصلصة (اختياري).",vegan,300g serving,300 جرام للوجبة,No bread suggested,لا يقترح خبز,"vegan,vegetarian,high-protein,moderate-fat,moderate-carb,breakfast",,,breakfast,,,,
High-Protein Yogurt Parfait (400g),بارفيه زبادي عالي البروتين (400 جرام),420,35,18,30,"Layered parfait with Greek yogurt (250g), protein granola (50g), mixed berries (50g), and almonds (20g).","بارفيه طبقات من الزبادي اليوناني (250 جرام)، جرانولا بروتين (50 جرام)، توت مشكل (50 جرام)، ولوز (20 جرام).",american,400g serving,400 جرام للوجبة,No bread suggested,لا يقترح خبز,"vegetarian,high-protein,moderate-fat,moderate-carb,breakfast",,,breakfast,,,,
Chicken Sausage and Egg Scramble (350g),بيض مخفوق مع نقانق دجاج (350 جرام),380,32,25,8,Scrambled eggs (2 large) with sliced chicken sausage (100g) and spinach (50g).,بيض مخفوق (2 كبير) مع شرائح نقانق دجاج (100 جرام) وسبانخ (50 جرام).,american,350g serving,350 جرام للوجبة,No bread suggested,لا يقترح خبز,"high-protein,high-fat,low-carb,breakfast",,,breakfast,,,,
Breakfast Burrito (High-Protein - 1 burrito),بوريتو إفطار عالي البروتين (1 بوريتو),550,35,30,40,"Large whole wheat tortilla (80g) filled with scrambled eggs (3), grilled chicken or lean beef (80g), black beans (50g), cheese (30g), and salsa (30g).","تورتيلا قمح كامل كبيرة (80 جرام) محشوة بالبيض المخفوق (3)، دجاج مشوي أو لحم بقري قليل الدهن (80 جرام)، فاصوليا سوداء (50 جرام)، جبن (30 جرام)، وصلصة (30 جرام).",mexican/american,1 burrito serving,1 وجبة بوريتو,No bread suggested,لا يقترح خبز,"high-protein,high-fat,moderate-carb,breakfast,mexican",,,breakfast,,,,
Cottage Cheese and Peach Bowl (300g),وعاء جبن قريش وخوخ (300 جرام),280,25,8,28,Cottage cheese (200g) topped with sliced peaches (1 medium peach - approx. 80g) and a sprinkle of cinnamon.,جبن قريش (200 جرام) مغطى بشرائح الخوخ (1 خوخ متوسط - حوالي 80 جرام) ورشة قرفة.,american,300g serving,300 جرام للوجبة,No bread suggested,لا يقترح خبز,"high-protein,low-fat,moderate-carb,breakfast",,,breakfast,,,,
Breakfast Pizza (Whole Wheat Crust - 1 slice),بيتزا إفطار (قشرة قمح كامل - 1 شريحة),350,18,15,40,"Whole wheat pizza crust (1 slice - approx. 70g) topped with tomato sauce (30g), mozzarella cheese (30g), eggs (1 scrambled), and vegetables (50g peppers, onions).","قشرة بيتزا قمح كامل (1 شريحة - حوالي 70 جرام) مغطاة بصلصة الطماطم (30 جرام) وجبن الموزاريلا (30 جرام) والبيض (1 مخفوق) والخضروات (50 جرام فلفل، بصل).",american/italian,1 slice pizza,1 شريحة بيتزا,No bread suggested,لا يقترح خبز,"vegetarian,moderate-protein,moderate-fat,moderate-carb,breakfast,italian",,,breakfast,,,,
Breakfast Tacos (2 tacos),تاكو إفطار (2 تاكو),420,25,20,40,"Two small whole wheat tortillas (approx. 40g each) filled with scrambled eggs (2), chorizo (40g), cheese (20g), and salsa (30g).",اثنان من خبز التورتيلا القمح الكامل الصغير (حوالي 40 جرام لكل منهما) محشوة بالبيض المخفوق (2) والكوريزو (40 جرام) والجبن (20 جرام) والصلصة (30 جرام).,mexican,2 tacos serving,2 وجبة تاكو,No bread suggested,لا يقترح خبز,"high-protein,moderate-fat,moderate-carb,breakfast,mexican",,,breakfast,,,,
Breakfast Crepes (2 crepes),كريب إفطار (2 كريب),380,15,18,40,"Two whole wheat crepes (approx. 80g total) filled with ricotta cheese (50g) and berries (50g), lightly sweetened (1 tsp honey).",اثنان من الكريب القمح الكامل (حوالي 80 جرام إجمالي) محشوة بجبنة الريكوتا (50 جرام) والتوت (50 جرام) ومحلاة قليلاً (1 ملعقة صغيرة عسل).,french,2 crepes serving,2 وجبة كريب,No bread suggested,لا يقترح خبز,"vegetarian,moderate-protein,moderate-fat,moderate-carb,breakfast,french",,,breakfast,,,,
Breakfast Empanadas (2 empanadas),إمباناداس إفطار (2 إمباناداس),450,20,25,40,"Two whole wheat empanadas (approx. 100g total) filled with scrambled eggs (2), ground beef (50g lean), and vegetables (30g onions, peppers). Baked or air-fried.","اثنان من الإمباناداس القمح الكامل (حوالي 100 جرام إجمالي) محشوة بالبيض المخفوق (2) واللحم البقري المفروم (50 جرام قليل الدهن) والخضروات (30 جرام بصل، فلفل). مخبوزة أو مقلية بالهواء.",latin_american,2 empanadas serving,2 وجبة إمباناداس,No bread suggested,لا يقترح خبز,"moderate-protein,moderate-fat,moderate-carb,breakfast,latin_american",,,breakfast,,,,
Breakfast Quiche (1 slice),كيش إفطار (1 شريحة),400,20,30,15,"Quiche slice (approx. 150g) with egg custard, spinach (50g), mushrooms (30g), and cheddar cheese (30g). Made with whole wheat crust.",شريحة كيش (حوالي 150 جرام) مع كاسترد البيض والسبانخ (50 جرام) والفطر (30 جرام) وجبن الشيدر (30 جرام). مصنوعة من قشرة القمح الكامل.,french,1 slice quiche,1 شريحة كيش,No bread suggested,لا يقترح خبز,"vegetarian,moderate-protein,high-fat,moderate-carb,breakfast,french",,,breakfast,,,,
Breakfast Strata (1 slice),ستراتا إفطار (1 شريحة),380,18,20,35,"Slice of breakfast strata (approx. 150g) made with whole wheat bread cubes, eggs, cheese (30g), sausage (30g), and vegetables (peppers, onions). Baked casserole style.","شريحة من ستراتا الإفطار (حوالي 150 جرام) مصنوعة من مكعبات خبز القمح الكامل والبيض والجبن (30 جرام) والنقانق (30 جرام) والخضروات (فلفل، بصل). خزفي مخبوز.",american,1 slice strata,1 شريحة ستراتا,No bread suggested,لا يقترح خبز,"moderate-protein,moderate-fat,moderate-carb,breakfast,casserole",,,breakfast,,,,
Breakfast Bowls with Sweet Potato and Egg (350g),أوعية إفطار مع بطاطا حلوة وبيض (350 جرام),320,15,12,40,"Breakfast bowl with roasted sweet potato cubes (150g), black beans (50g), fried egg (1), and avocado (30g).",وعاء إفطار مع مكعبات بطاطا حلوة مشوية (150 جرام) وفاصوليا سوداء (50 جرام) وبيض مقلي (1) وأفوكادو (30 جرام).,american,350g bowl,350 جرام للوجبة,No bread suggested,لا يقترح خبز,"vegetarian,moderate-protein,moderate-fat,moderate-carb,breakfast,bowl",,,breakfast,,,,
Breakfast Hash with Turkey and Vegetables (350g),هاش إفطار مع ديك رومي وخضروات (350 جرام),300,25,10,30,"Breakfast hash made with diced turkey breast (100g), sweet potatoes (100g), onions (50g), and peppers (50g). Sautéed until browned.",هاش إفطار مصنوع من مكعبات صدر ديك رومي (100 جرام) وبطاطا حلوة (100 جرام) وبصل (50 جرام) وفلفل (50 جرام). مقلي حتى يصبح لونها بنياً.,american,350g serving,350 جرام للوجبة,No bread suggested,لا يقترح خبز,"high-protein,moderate-fat,moderate-carb,breakfast,hash",,,breakfast,,,,
Breakfast Skillet with Chorizo and Potatoes (400g),مقلاة إفطار مع كوريزو وبطاطس (400 جرام),450,22,28,30,"Breakfast skillet with chorizo sausage (80g), diced potatoes (150g), onions (50g), peppers (50g), and topped with a fried egg (1).",مقلاة إفطار مع نقانق الكوريزو (80 جرام) وبطاطس مقطعة (150 جرام) وبصل (50 جرام) وفلفل (50 جرام) ومغطاة ببيض مقلي (1).,spanish/american,400g skillet,400 جرام مقلاة,No bread suggested,لا يقترح خبز,"moderate-protein,high-fat,moderate-carb,breakfast,skillet,spanish",,,breakfast,,,,
Breakfast Casserole with Sausage and Cheese (1 cup),طاجن إفطار مع نقانق وجبن (1 كوب),420,25,30,20,"Breakfast casserole (1 cup - approx. 250g) with eggs, sausage (80g), cheese (cheddar - 30g), and bread cubes. Baked until golden.",طاجن إفطار (1 كوب - حوالي 250 جرام) مع البيض والنقانق (80 جرام) والجبن (شيدر - 30 جرام) ومكعبات الخبز. مخبوز حتى يصبح لونها ذهبياً.,american,1 cup casserole,1 كوب طاجن,No bread suggested,لا يقترح خبز,"moderate-protein,high-fat,moderate-carb,breakfast,casserole",,,breakfast,,,,
Breakfast Muffins (Savory - 2 muffins),مافن إفطار (مالح - 2 مافن),350,18,20,25,"Savory breakfast muffins (2 muffins - approx. 120g total) made with whole wheat flour, eggs, cheese (20g), and vegetables (spinach, peppers). Baked until golden.","مافن إفطار مالح (2 مافن - حوالي 120 جرام إجمالي) مصنوع من دقيق القمح الكامل والبيض والجبن (20 جرام) والخضروات (سبانخ، فلفل). مخبوز حتى يصبح لونها ذهبياً.",american,2 muffins,2 مافن,No bread suggested,لا يقترح خبز,"vegetarian,moderate-protein,moderate-fat,moderate-carb,breakfast,muffin",,,breakfast,,,,
Breakfast Scones (Whole Wheat - 1 scone),سكون إفطار (قمح كامل - 1 سكون),320,8,15,40,"Whole wheat breakfast scone (1 scone - approx. 80g) with fruit (raisins, cranberries) and nuts.","سكون إفطار قمح كامل (1 سكون - حوالي 80 جرام) مع الفاكهة (زبيب، توت بري) والمكسرات.",british/american,1 scone,1 سكون,No bread suggested,لا يقترح خبز,"vegetarian,moderate-protein,moderate-fat,moderate-carb,breakfast,scone",,,breakfast,,,,
Breakfast Biscuits (Whole Wheat - 2 biscuits),بسكويت إفطار (قمح كامل - 2 بسكويت),360,10,18,40,Two whole wheat breakfast biscuits (approx. 100g total) served with a side of fruit (30g).,اثنان من بسكويت الإفطار القمح الكامل (حوالي 100 جرام إجمالي) تقدم مع طبق جانبي من الفاكهة (30 جرام).,american,2 biscuits,2 بسكويت,No bread suggested,لا يقترح خبز,"vegetarian,moderate-protein,moderate-fat,moderate-carb,breakfast,biscuit",,,breakfast,,,,
Breakfast Rolls (Whole Wheat - 1 roll),لفائف إفطار (قمح كامل - 1 لفة),300,7,12,40,Whole wheat breakfast roll (1 roll - approx. 70g) with a light spread of butter or jam (optional).,لفة إفطار قمح كامل (1 لفة - حوالي 70 جرام) مع دهن خفيف من الزبدة أو المربى (اختياري).,american,1 roll,1 لفة,No bread suggested,لا يقترح خبز,"vegetarian,moderate-protein,moderate-fat,moderate-carb,breakfast,roll",,,breakfast,,,,
Breakfast Danish (1 pastry),دانماركي إفطار (1 معجنات),420,6,20,50,"Breakfast danish pastry (1 pastry - approx. 85g) with fruit filling (apple, cherry).","معجنات دانماركية للإفطار (1 معجنات - حوالي 85 جرام) مع حشوة الفاكهة (تفاح، كرز).",danish,1 pastry,1 معجنات,No bread suggested,لا يقترح خبز,"vegetarian,low-protein,high-fat,high-carb,breakfast,danish",,,breakfast,,,,
Breakfast Croissant (Plain - 1 croissant),كرواسون إفطار (سادة - 1 كرواسون),380,7,20,40,Plain breakfast croissant (1 croissant - approx. 70g).,كرواسون إفطار سادة (1 كرواسون - حوالي 70 جرام).,french,1 croissant,1 كرواسون,No bread suggested,لا يقترح خبز,"vegetarian,low-protein,high-fat,high-carb,breakfast,croissant,french",,,breakfast,,,,
Breakfast Samosas (2 samosas),سمبوسة إفطار (2 سمبوسة),350,10,18,35,"Two baked or air-fried breakfast samosas (approx. 100g total) filled with potatoes, peas, and spices.",اثنان من سمبوسة الإفطار المخبوزة أو المقلية بالهواء (حوالي 100 جرام إجمالي) محشوة بالبطاطس والبازلاء والتوابل.,indian,2 samosas,2 سمبوسة,No bread suggested,لا يقترح خبز,"vegan,vegetarian,moderate-protein,moderate-fat,moderate-carb,breakfast,indian",,,breakfast,,,,
Breakfast Spring Rolls (2 rolls),لفائف الربيع للإفطار (2 لفافة),300,8,15,30,"Two fresh breakfast spring rolls (approx. 120g total) filled with vegetables, tofu, and herbs. Served with a light dipping sauce.",اثنان من لفائف الربيع الطازجة للإفطار (حوالي 120 جرام إجمالي) محشوة بالخضروات والتوفو والأعشاب. تقدم مع صلصة غمس خفيفة.,vietnamese,2 spring rolls,2 لفافة ربيع,No bread suggested,لا يقترح خبز,"vegan,vegetarian,moderate-protein,moderate-fat,moderate-carb,breakfast,vietnamese",,,breakfast,,,,
Breakfast Dumplings (Steamed - 4 dumplings),زلابية إفطار (مطبوخة بالبخار - 4 زلابية),320,12,12,40,Four steamed breakfast dumplings (approx. 100g total) filled with vegetables and chicken or tofu. Served with soy sauce.,أربعة زلابية إفطار مطبوخة بالبخار (حوالي 100 جرام إجمالي) محشوة بالخضروات والدجاج أو التوفو. تقدم مع صلصة الصويا.,asian,4 dumplings,4 زلابية,No bread suggested,لا يقترح خبز,"moderate-protein,moderate-fat,moderate-carb,breakfast,asian",,,breakfast,,,,
Breakfast Congee (Chicken - 1 bowl),كونجي إفطار (دجاج - 1 وعاء),250,15,5,35,Bowl of chicken congee (rice porridge - approx. 300g) with shredded chicken and ginger.,وعاء من كونجي الدجاج (عصيدة الأرز - حوالي 300 جرام) مع دجاج مبشور وزنجبيل.,asian,1 bowl congee,1 وعاء كونجي,No bread suggested,لا يقترح خبز,"moderate-protein,low-fat,moderate-carb,breakfast,asian,soup",,,breakfast,,,,
Breakfast Miso Soup (with Tofu and Seaweed - 1 bowl),حساء ميسو للإفطار (مع توفو وأعشاب بحرية - 1 وعاء),120,8,4,10,Bowl of miso soup (approx. 250ml) with tofu cubes (30g) and seaweed.,وعاء من حساء ميسو (حوالي 250 مل) مع مكعبات توفو (30 جرام) وأعشاب بحرية.,japanese,1 bowl miso soup,1 وعاء حساء ميسو,No bread suggested,لا يقترح خبز,"vegan,vegetarian,moderate-protein,low-fat,moderate-carb,breakfast,japanese,soup",,,breakfast,,,,
Breakfast Noodle Soup (Chicken - 1 bowl),حساء نودلز للإفطار (دجاج - 1 وعاء),380,25,10,50,"Bowl of chicken noodle soup (approx. 350ml) with whole wheat noodles, chicken (50g), and vegetables (carrots, celery).","وعاء من حساء نودلز الدجاج (حوالي 350 مل) مع نودلز القمح الكامل والدجاج (50 جرام) والخضروات (جزر، كرفس).",asian,1 bowl noodle soup,1 وعاء حساء نودلز,No bread suggested,لا يقترح خبز,"moderate-protein,low-fat,moderate-carb,breakfast,asian,soup",,,breakfast,,,,
Breakfast Fried Rice (Vegetable - 1 cup),أرز مقلي للإفطار (خضروات - 1 كوب),320,7,10,50,"Cup of vegetable fried rice (approx. 200g) with mixed vegetables (peas, carrots, corn) and egg (optional - add 5g protein if included).","كوب من الأرز المقلي بالخضروات (حوالي 200 جرام) مع خضروات مشكلة (بازلاء، جزر، ذرة) والبيض (اختياري - أضف 5 جرام بروتين إذا تم تضمينه).",asian,1 cup fried rice,1 كوب أرز مقلي,No bread suggested,لا يقترح خبز,"vegan,vegetarian,moderate-protein,moderate-fat,moderate-carb,breakfast,asian",,,breakfast,,,,
Breakfast Stir-Fry (Tofu and Vegetables - 1 cup),إفطار سوتيه (توفو وخضروات - 1 كوب),280,15,12,20,"Cup of tofu and vegetable stir-fry (approx. 200g) with firm tofu (80g) and mixed vegetables (broccoli, peppers, onions).","كوب من سوتيه التوفو والخضروات (حوالي 200 جرام) مع التوفو المتماسك (80 جرام) والخضروات المشكلة (بروكلي، فلفل، بصل).",asian,1 cup stir-fry,1 كوب سوتيه,No bread suggested,لا يقترح خبز,"vegan,vegetarian,high-protein,moderate-fat,moderate-carb,breakfast,asian,stir-fry",,,breakfast,,,,
Breakfast Curry (Vegetable - 1 cup),كاري إفطار (خضروات - 1 كوب),300,8,15,30,"Cup of vegetable curry (approx. 250g) with mixed vegetables (potatoes, cauliflower, peas) in a mild coconut milk based curry.","كوب من كاري الخضروات (حوالي 250 جرام) مع خضروات مشكلة (بطاطس، قرنبيط، بازلاء) في كاري خفيف يعتمد على حليب جوز الهند.",indian,1 cup curry,1 كوب كاري,No bread suggested,لا يقترح خبز,"vegan,vegetarian,moderate-protein,moderate-fat,moderate-carb,breakfast,indian,curry",,,breakfast,,,,
Breakfast Dosa (1 dosa),دوسة إفطار (1 دوسة),250,6,8,40,One plain dosa (South Indian crepe - approx. 80g) made from fermented rice and lentil batter.,دوسة سادة واحدة (كريب جنوب هندي - حوالي 80 جرام) مصنوعة من الأرز المخمر وعجين العدس.,indian,1 dosa,1 دوسة,No bread suggested,لا يقترح خبز,"vegan,vegetarian,moderate-protein,low-fat,high-carb,breakfast,indian",,,breakfast,,,,
Breakfast Idli (2 idlis),إدلي إفطار (2 إدلي),180,5,2,35,Two idlis (South Indian steamed rice cakes - approx. 70g total) made from fermented rice and lentil batter.,اثنان إدلي (كعك أرز مطبوخ بالبخار من جنوب الهند - حوالي 70 جرام إجمالي) مصنوع من الأرز المخمر وعجين العدس.,indian,2 idlis,2 إدلي,No bread suggested,لا يقترح خبز,"vegan,vegetarian,moderate-protein,low-fat,high-carb,breakfast,indian",,,breakfast,,,,
Breakfast Upma (1 cup),أوبما إفطار (1 كوب),220,6,5,35,"Cup of upma (South Indian savory semolina porridge - approx. 200g) with vegetables (onions, peas, carrots).","كوب من أوبما (عصيدة سميد مالحة من جنوب الهند - حوالي 200 جرام) مع الخضروات (بصل، بازلاء، جزر).",indian,1 cup upma,1 كوب أوبما,No bread suggested,لا يقترح خبز,"vegan,vegetarian,moderate-protein,low-fat,moderate-carb,breakfast,indian",,,breakfast,,,,
Breakfast Poha (1 cup),بوها إفطار (1 كوب),200,4,3,40,"Cup of poha (Indian flattened rice dish - approx. 150g) with onions, potatoes, and spices.",كوب من بوها (طبق أرز مسطح هندي - حوالي 150 جرام) مع البصل والبطاطس والتوابل.,indian,1 cup poha,1 كوب بوها,No bread suggested,لا يقترح خبز,"vegan,vegetarian,moderate-protein,low-fat,high-carb,breakfast,indian",,,breakfast,,,,
Breakfast Paratha (Whole Wheat - 1 paratha),باراثا إفطار (قمح كامل - 1 باراثا),350,8,15,45,One whole wheat paratha (Indian flatbread - approx. 80g) cooked with minimal oil.,باراثا قمح كامل واحد (خبز مسطح هندي - حوالي 80 جرام) مطبوخ بالحد الأدنى من الزيت.,indian,1 paratha,1 باراثا,No bread suggested,لا يقترح خبز,"vegan,vegetarian,moderate-protein,moderate-fat,moderate-carb,breakfast,indian",,,breakfast,,,,
Breakfast Roti (Whole Wheat - 2 rotis),روتي إفطار (قمح كامل - 2 روتي),280,7,8,45,Two whole wheat rotis (Indian flatbread - approx. 70g total) cooked on a griddle.,اثنان من روتي القمح الكامل (خبز مسطح هندي - حوالي 70 جرام إجمالي) مطبوخ على صينية.,indian,2 rotis,2 روتي,No bread suggested,لا يقترح خبز,"vegan,vegetarian,moderate-protein,low-fat,high-carb,breakfast,indian",,,breakfast,,,,
Breakfast Chapati (Whole Wheat - 2 chapatis),تشاباتي إفطار (قمح كامل - 2 تشاباتي),250,6,6,40,Two whole wheat chapatis (Indian flatbread - approx. 60g total) cooked on a griddle.,اثنان من تشاباتي القمح الكامل (خبز مسطح هندي - حوالي 60 جرام إجمالي) مطبوخ على صينية.,indian,2 chapatis,2 تشاباتي,No bread suggested,لا يقترح خبز,"vegan,vegetarian,moderate-protein,low-fat,high-carb,breakfast,indian",,,breakfast,,,,
Breakfast Aloo Paratha (1 paratha),الو باراثا إفطار (1 باراثا),400,9,18,50,One aloo paratha (Indian flatbread stuffed with potatoes - approx. 100g) cooked with minimal oil.,الو باراثا واحد (خبز مسطح هندي محشو بالبطاطس - حوالي 100 جرام) مطبوخ بالحد الأدنى من الزيت.,indian,1 aloo paratha,1 الو باراثا,No bread suggested,لا يقترح خبز,"vegetarian,moderate-protein,moderate-fat,high-carb,breakfast,indian",,,breakfast,,,,
Breakfast Paneer Paratha (1 paratha),بانير باراثا إفطار (1 باراثا),420,12,20,40,One paneer paratha (Indian flatbread stuffed with paneer cheese - approx. 100g) cooked with minimal oil.,بانير باراثا واحد (خبز مسطح هندي محشو بجبنة البانير - حوالي 100 جرام) مطبوخ بالحد الأدنى من الزيت.,vegetarian,1 paneer paratha,1 بانير باراثا,No bread suggested,لا يقترح خبز,"vegetarian,moderate-protein,moderate-fat,moderate-carb,breakfast,indian",,,breakfast,,,,
Breakfast Egg Curry (1 cup),كاري البيض للإفطار (1 كوب),320,18,20,15,Cup of egg curry (approx. 250g) with hard-boiled eggs (2) in a tomato and onion based curry sauce.,كوب من كاري البيض (حوالي 250 جرام) مع بيض مسلوق (2) في صلصة كاري تعتمد على الطماطم والبصل.,indian,1 cup egg curry,1 كوب كاري البيض,No bread suggested,لا يقترح خبز,"moderate-protein,high-fat,moderate-carb,breakfast,indian,curry",,,breakfast,,,,
Breakfast Chana Masala (1 cup),تشانا ماسالا إفطار (1 كوب),300,10,8,45,Cup of chana masala (chickpea curry - approx. 250g) in a tomato and onion based sauce.,كوب من تشانا ماسالا (كاري الحمص - حوالي 250 جرام) في صلصة تعتمد على الطماطم والبصل.,indian,1 cup chana masala,1 كوب تشانا ماسالا,No bread suggested,لا يقترح خبز,"vegan,vegetarian,moderate-protein,low-fat,high-carb,breakfast,indian,curry",,,breakfast,,,,
Breakfast Dal Makhani (1/2 cup),دال مخاني إفطار (نصف كوب),350,12,25,20,Half cup of dal makhani (creamy black lentil dish - approx. 150g) with butter and cream.,نصف كوب من دال مخاني (طبق عدس أسود كريمي - حوالي 150 جرام) مع الزبدة والقشدة.,indian,1/2 cup dal makhani,نصف كوب دال مخاني,No bread suggested,لا يقترح خبز,"vegetarian,moderate-protein,high-fat,moderate-carb,breakfast,indian",,,breakfast,,,,
Breakfast Avarese (Egyptian Fava Beans - 300g),أفاريسي إفطار (فول مصري - 300 جرام),280,15,8,40,"Egyptian style fava beans (avarese - 300g) cooked with cumin, lemon, and olive oil.",فول مصري على طريقة أفاريسي (300 جرام) مطبوخ بالكمون والليمون وزيت الزيتون.,egyptian,300g serving,300 جرام للوجبة,100g whole wheat pita bread (optional),100 جرام خبز بيتا القمح الكامل (اختياري),"vegan,vegetarian,high-protein,low-fat,high-carb,breakfast,egyptian",,,breakfast,,,,
Feteer Meshaltet (Small Piece - 100g),فطير مشلتت (قطعة صغيرة - 100 جرام),380,6,20,45,Small piece of feteer meshaltet (Egyptian layered pastry - approx. 100g) plain or with honey.,قطعة صغيرة من فطير مشلتت (معجنات مصرية متعددة الطبقات - حوالي 100 جرام) سادة أو بالعسل.,egyptian,100g piece,100 جرام قطعة,No bread suggested,لا يقترح خبز,"vegetarian,low-protein,high-fat,high-carb,breakfast,egyptian,pastry",,,breakfast,,,,
Konafa (Small Piece - 80g),كنافة (قطعة صغيرة - 80 جرام),350,5,18,40,Small piece of konafa (Egyptian sweet pastry - approx. 80g) with cheese and syrup.,قطعة صغيرة من كنافة (معجنات مصرية حلوة - حوالي 80 جرام) مع الجبن والشراب.,egyptian,80g piece,80 جرام قطعة,No bread suggested,لا يقترح خبز,"vegetarian,low-protein,high-fat,high-carb,breakfast,egyptian,pastry,sweet",,,breakfast,,,,
Basbousa (Small Piece - 80g),بسبوسة (قطعة صغيرة - 80 جرام),320,4,15,45,Small piece of basbousa (Egyptian semolina cake - approx. 80g) with syrup.,قطعة صغيرة من بسبوسة (كيك سميد مصري - حوالي 80 جرام) مع الشراب.,egyptian,80g piece,80 جرام قطعة,No bread suggested,لا يقترح خبز,"vegetarian,low-protein,high-fat,high-carb,breakfast,egyptian,pastry,sweet",,,breakfast,,,,
Umm Ali (Small Bowl - 150g),أم علي (طبق صغير - 150 جرام),400,5,20,50,"Small bowl of umm ali (Egyptian bread pudding - approx. 150g) with milk, nuts, and raisins.",طبق صغير من أم علي (بودينغ الخبز المصري - حوالي 150 جرام) مع الحليب والمكسرات والزبيب.,egyptian,150g bowl,150 جرام طبق,No bread suggested,لا يقترح خبز,"vegetarian,low-protein,high-fat,high-carb,breakfast,egyptian,dessert",,,breakfast,,,,
Rice Pudding (Egyptian - Small Bowl - 150g),أرز باللبن (مصري - طبق صغير - 150 جرام),250,4,8,40,"Small bowl of Egyptian rice pudding (roz bel laban - approx. 150g) with milk, rice, and sweetener.",طبق صغير من أرز باللبن المصري (حوالي 150 جرام) مع الحليب والأرز والمحليات.,egyptian,150g bowl,150 جرام طبق,No bread suggested,لا يقترح خبز,"vegetarian,low-protein,moderate-fat,high-carb,breakfast,egyptian,dessert",,,breakfast,,,,
Semolina Halva (Small Portion - 80g),حلاوة سميد (حصة صغيرة - 80 جرام),300,3,12,45,"Small portion of semolina halva (Egyptian sweet - approx. 80g) with semolina, sugar, and nuts.",حصة صغيرة من حلاوة سميد (حلوى مصرية - حوالي 80 جرام) مع السميد والسكر والمكسرات.,egyptian,80g portion,80 جرام حصة,No bread suggested,لا يقترح خبز,"vegetarian,low-protein,high-fat,high-carb,breakfast,egyptian,dessert",,,breakfast,,,,
Qeshta with Honey (Small Portion - 100g),قشطة بالعسل (حصة صغيرة - 100 جرام),350,3,30,15,Small portion of qeshta (Egyptian clotted cream - approx. 100g) with honey (1 tbsp).,حصة صغيرة من قشطة (قشطة مصرية - حوالي 100 جرام) مع العسل (1 ملعقة كبيرة).,egyptian,100g portion,100 جرام حصة,No bread suggested,لا يقترح خبز,"vegetarian,low-protein,high-fat,moderate-carb,breakfast,egyptian,dessert",,,breakfast,,,,
Molokhia Soup with Chicken (Small Bowl - 250ml),شوربة ملوخية بالدجاج (طبق صغير - 250 مل),200,18,8,10,Small bowl of molokhia soup (Egyptian jute mallow soup - approx. 250ml) with chicken (30g).,طبق صغير من شوربة ملوخية (شوربة ملوخية مصرية - حوالي 250 مل) مع الدجاج (30 جرام).,egyptian,250ml bowl,250 مل طبق,50g Baladi Bread (optional),50 جرام خبز بلدي (اختياري),"moderate-protein,moderate-fat,low-carb,breakfast,egyptian,soup",,,breakfast,,,,
Besara (Egyptian Bean Dip - 300g),بصارة (غموس فول مصري - 300 جرام),250,10,10,35,Besara (Egyptian fava bean and herb dip - 300g) with olive oil and spices.,بصارة (غموس فول مصري وأعشاب - 300 جرام) مع زيت الزيتون والتوابل.,egyptian,300g serving,300 جرام للوجبة,100g whole wheat pita bread (optional),100 جرام خبز بيتا القمح الكامل (اختياري),"vegan,vegetarian,moderate-protein,moderate-fat,moderate-carb,breakfast,egyptian",,,breakfast,,,,
Eggah (Egyptian Omelette - 1 slice),عجة (أومليت مصري - 1 شريحة),280,15,20,8,"Slice of eggah (Egyptian vegetable omelette - approx. 150g) with eggs, vegetables (parsley, dill, spinach), and spices.","شريحة من عجة (أومليت خضروات مصري - حوالي 150 جرام) مع البيض والخضروات (بقدونس، شبت، سبانخ) والتوابل.",egyptian,1 slice eggah,1 شريحة عجة,No bread suggested,لا يقترح خبز,"vegetarian,moderate-protein,high-fat,low-carb,breakfast,egyptian,omelette",,,breakfast,,,,
Batates Maqliya (Fried Potatoes - Small Portion - 150g),بطاطس مقلية (حصة صغيرة - 150 جرام),350,4,20,40,Small portion of batates maqliya (Egyptian fried potatoes - 150g) lightly salted.,حصة صغيرة من بطاطس مقلية (بطاطس مقلية مصرية - 150 جرام) مملحة قليلاً.,egyptian,150g portion,150 جرام حصة,No bread suggested,لا يقترح خبز,"vegan,vegetarian,low-protein,high-fat,high-carb,breakfast,egyptian,fried",,,breakfast,,,,
Gebna Bayda (White Cheese with Tomato - 100g),جبنة بيضاء (جبنة بيضاء مع طماطم - 100 جرام),180,12,12,5,White cheese (feta or domiati - 80g) with sliced tomato (20g).,جبنة بيضاء (فيتا أو دمياطي - 80 جرام) مع طماطم مقطعة (20 جرام).,egyptian,100g serving,100 جرام للوجبة,50g Baladi Bread (optional),50 جرام خبز بلدي (اختياري),"vegetarian,moderate-protein,moderate-fat,low-carb,breakfast,egyptian,cheese",,,breakfast,,,,
Halawa (Sesame Sweet - Small Portion - 50g),حلاوة طحينية (حصة صغيرة - 50 جرام),280,8,20,20,Small portion of halawa (sesame sweet - 50g) plain or with nuts.,حصة صغيرة من حلاوة طحينية (حلوى سمسم - 50 جرام) سادة أو بالمكسرات.,egyptian,50g portion,50 جرام حصة,No bread suggested,لا يقترح خبز,"vegetarian,moderate-protein,high-fat,moderate-carb,breakfast,egyptian,sweet",,,breakfast,,,,
Foul bi Zeit Zeitoun (Fava Beans with Olive Oil - 300g),فول بزيت زيتون (فول بزيت زيتون - 300 جرام),300,16,10,40,Fava beans (foul - 300g) simply prepared with olive oil (2 tbsp) and lemon juice.,فول (فول - 300 جرام) مُجهز ببساطة بزيت الزيتون (2 ملعقة كبيرة) وعصير الليمون.,egyptian,300g serving,300 جرام للوجبة,100g whole wheat pita bread (optional),100 جرام خبز بيتا القمح الكامل (اختياري),"vegan,vegetarian,high-protein,moderate-fat,high-carb,breakfast,egyptian",,,breakfast,,,,
Tamia Bel Gebna (Taameya with Cheese - 3 pieces),طعمية بالجبنة (طعمية بالجبنة - 3 قطع),250,15,12,25,Taameya (3 pieces - approx. 80g) stuffed with cheese (20g) before frying or baking.,طعمية (3 قطع - حوالي 80 جرام) محشوة بالجبن (20 جرام) قبل القلي أو الخبز.,egyptian,3 pieces,3 قطع,No bread suggested,لا يقترح خبز,"vegetarian,moderate-protein,moderate-fat,moderate-carb,breakfast,egyptian",,,breakfast,,,,
Ful Medames with Egg (350g),فول مدمس بالبيض (350 جرام),380,20,15,45,Ful medames (300g) topped with a hard-boiled egg (1 large).,فول مدمس (300 جرام) مغطى ببيض مسلوق (1 كبير).,egyptian,350g serving,350 جرام للوجبة,100g whole wheat pita bread (optional),100 جرام خبز بيتا القمح الكامل (اختياري),"moderate-protein,moderate-fat,high-carb,breakfast,egyptian",,,breakfast,,,,
Shakshuka with Feta Cheese (300g),شكشوكة بالجبنة الفيتا (300 جرام),300,20,18,18,Shakshuka (250g - 2 eggs and sauce) topped with feta cheese (30g).,شكشوكة (250 جرام - 2 بيضة وصلصة) مغطاة بالجبنة الفيتا (30 جرام).,egyptian/mediterranean,300g serving,300 جرام للوجبة,50g whole wheat bread (1 slice),50 جرام خبز القمح الكامل (1 شريحة),"vegetarian,high-protein,moderate-fat,moderate-carb,breakfast,egyptian,mediterranean",,,breakfast,,,,
Labneh with Walnuts and Honey (180g),لبنة بالجوز والعسل (180 جرام),320,10,25,15,Labneh (150g) topped with walnuts (20g) and honey (1 tsp).,لبنة (150 جرام) مغطاة بالجوز (20 جرام) والعسل (1 ملعقة صغيرة).,egyptian/mediterranean,180g serving,180 جرام للوجبة,100g whole wheat pita bread or vegetables,100 جرام خبز بيتا القمح الكامل أو خضروات,"vegetarian,moderate-protein,high-fat,moderate-carb,breakfast,mediterranean",,,breakfast,,,,
Baladi Bread with Halawa and Qeshta (150g),خبز بلدي بحلاوة وقشطة (150 جرام),450,7,25,50,Baladi bread (100g) with a spread of halawa (30g) and qeshta (20g).,خبز بلدي (100 جرام) مع دهن من حلاوة طحينية (30 جرام) وقشطة (20 جرام).,egyptian,150g serving,150 جرام للوجبة,No additional bread,لا خبز إضافي,"vegetarian,low-protein,high-fat,high-carb,breakfast,egyptian",,,breakfast,,,,
Eggs with Basturma (300g),بيض بالبسطرمة (300 جرام),350,25,25,5,Scrambled eggs (2 large) with basturma (cured beef - 50g).,بيض مخفوق (2 كبير) مع بسطرمة (لحم بقري مملح - 50 جرام).,egyptian,300g serving,300 جرام للوجبة,No bread suggested,لا يقترح خبز,"high-protein,high-fat,low-carb,breakfast,egyptian",,,breakfast,,,,
Mediterranean Frittata (1 slice - 200g),فريتاتا متوسطية (1 شريحة - 200 جرام),380,25,28,10,"Frittata slice with eggs (2), feta cheese (40g), olives (20g), and sun-dried tomatoes (20g).",شريحة فريتاتا بالبيض (2) وجبن فيتا (40 جرام) وزيتون (20 جرام) وطماطم مجففة بالشمس (20 جرام).,egyptian/mediterranean,1 slice (200g),1 شريحة (200 جرام),No bread suggested,لا يقترح خبز,"vegetarian,high-protein,high-fat,low-carb,breakfast,mediterranean",,,breakfast,,,,
Hard-Boiled Eggs with Avocado (2 eggs + 1/2 avocado),بيض مسلوق مع أفوكادو (2 بيضة + نصف أفوكادو),320,15,25,5,Two hard-boiled eggs (120g) served with half a medium avocado (approx. 70g).,بيضتان مسلوقتان (120 جرام) تقدم مع نصف أفوكادو متوسط (حوالي 70 جرام).,egyptian/american,2 eggs + 1/2 avocado,2 بيضة + نصف أفوكادو,No bread suggested,لا يقترح خبز,"high-protein,high-fat,low-carb,breakfast",,,breakfast,,,,
Pancakes with Qeshta and Honey (2 pancakes),بان كيك بالقشطة والعسل (2 بان كيك),500,7,25,60,Pancakes (2 medium) topped with qeshta (30g) and honey (2 tbsp).,بان كيك (2 متوسط) مغطاة بالقشطة (30 جرام) والعسل (2 ملعقة كبيرة).,egyptian/american,2 pancakes + toppings,2 بان كيك + الإضافات,No bread suggested,لا يقترح خبز,"vegetarian,low-protein,high-fat,high-carb,breakfast,sweet,egyptian",,,breakfast,,,,
Breakfast Burrito with Foul and Taameya (1 burrito),بوريتو إفطار بالفول والطعمية (1 بوريتو),500,20,20,50,"Whole wheat tortilla (80g) filled with ful medames (100g), taameya (2 pieces), and salsa (30g).",تورتيلا قمح كامل (80 جرام) محشوة بالفول المدمس (100 جرام) والطعمية (2 قطعة) والصلصة (30 جرام).,egyptian/mexican,1 burrito,1 بوريتو,No bread suggested,لا يقترح خبز,"vegan,vegetarian,moderate-protein,moderate-fat,moderate-carb,breakfast,egyptian,mexican",,,breakfast,,,,
High-Protein Breakfast Bowl (Lentils & Eggs - 350g),وعاء إفطار عالي البروتين (عدس وبيض - 350 جرام),400,25,20,35,"Bowl with lentils (200g cooked lentils), scrambled eggs (2), and vegetables (50g spinach, tomatoes).","وعاء بالعدس (200 جرام عدس مطبوخ) والبيض المخفوق (2) والخضروات (50 جرام سبانخ، طماطم).",egyptian/american,350g bowl,350 جرام للوجبة,No bread suggested,لا يقترح خبز,"vegetarian,high-protein,moderate-fat,moderate-carb,breakfast,bowl",,,breakfast,,,,
Overnight Oats with Dates and Nuts (300g),شوفان ليلي بالتمر والمكسرات (300 جرام),380,10,15,55,"Overnight oats (300g) with rolled oats, milk, chia seeds, dates (3 Medjool), and mixed nuts (20g).",شوفان ليلي (300 جرام) بالشوفان الكامل والحليب وبذور الشيا والتمر (3 مجدول) والمكسرات المشكلة (20 جرام).,egyptian/american,300g serving,300 جرام للوجبة,No bread suggested,لا يقترح خبز,"vegan,vegetarian,moderate-protein,moderate-fat,high-carb,breakfast,overnight",,,breakfast,,,,
Whole Wheat Toast with Labneh and Za'atar (2 slices),توست قمح كامل باللبنة والزعتر (2 شريحة),350,10,20,30,Whole wheat toast (2 slices) topped with labneh (50g) and za'atar (1 tsp).,توست قمح كامل (2 شريحة) مغطى باللبنة (50 جرام) والزعتر (1 ملعقة صغيرة).,egyptian/mediterranean,2 slices toast + toppings,2 شريحة توست + الإضافات,Already includes bread (toast),يحتوي بالفعل على خبز (توست),"vegetarian,moderate-protein,moderate-fat,moderate-carb,breakfast,mediterranean",,,breakfast,,,,
Breakfast Salad with Smoked Salmon and Eggs (350g),سلطة إفطار بسلمون مدخن وبيض (350 جرام),400,30,25,10,"Mixed greens salad (150g) with smoked salmon (50g), hard-boiled egg (1), avocado (30g), and light dressing.",سلطة خضراء مشكلة (150 جرام) مع سلمون مدخن (50 جرام) وبيض مسلوق (1) وأفوكادو (30 جرام) وصلصة خفيفة.,american/mediterranean,350g serving,350 جرام للوجبة,No bread suggested,لا يقترح خبز,"high-protein,high-fat,low-carb,breakfast,salad,omega-3",,,breakfast,,,,
Protein Smoothie (Peanut Butter & Banana - 350ml),سموذي بروتين (زبدة الفول السوداني والموز - 350 مل),400,30,15,40,"Protein smoothie with whey protein (30g), milk (200ml), banana (1 medium), and peanut butter (1 tbsp).",سموذي بروتين ببروتين مصل اللبن (30 جرام) والحليب (200 مل) والموز (1 متوسط) وزبدة الفول السوداني (1 ملعقة كبيرة).,american,350ml serving,350 مل للوجبة,No bread suggested,لا يقترح خبز,"high-protein,moderate-fat,moderate-carb,breakfast,smoothie",,,breakfast,,,,
Breakfast Frittata with Sausage and Peppers (1 slice - 200g),فريتاتا إفطار بالنقانق والفلفل (1 شريحة - 200 جرام),420,25,30,10,"Frittata slice with eggs (2), sausage (80g), bell peppers (50g), onions (30g), and cheese (20g).",شريحة فريتاتا بالبيض (2) والنقانق (80 جرام) والفلفل الحلو (50 جرام) والبصل (30 جرام) والجبن (20 جرام).,american/italian,1 slice (200g),1 شريحة (200 جرام),No bread suggested,لا يقترح خبز,"moderate-protein,high-fat,low-carb,breakfast,italian",,,breakfast,,,,
Lentil Soup with Baladi Bread (350g),شوربة عدس مع خبز بلدي (350 جرام),350,15,8,50,Lentil soup (300ml) served with baladi bread (50g).,شوربة عدس (300 مل) تقدم مع خبز بلدي (50 جرام).,egyptian/middle_eastern,350g serving,350 جرام للوجبة,Already includes bread (Baladi bread),يحتوي بالفعل على خبز (خبز بلدي),"vegan,vegetarian,moderate-protein,low-fat,high-carb,breakfast,soup,fiber-rich",,,breakfast,,,,
Scrambled Eggs with Vegetables and Feta (350g),بيض مخفوق بالخضروات والفيتا (350 جرام),350,20,25,10,"Scrambled eggs (2 large) with mixed vegetables (100g peppers, onions, spinach) and feta cheese (30g).","بيض مخفوق (2 كبير) مع خضروات مشكلة (100 جرام فلفل، بصل، سبانخ) وجبن فيتا (30 جرام).",american/mediterranean,350g serving,350 جرام للوجبة,No bread suggested,لا يقترح خبز,"vegetarian,high-protein,high-fat,low-carb,breakfast",,,breakfast,,,,
Oatmeal with Fruits and Seeds (350g),شوفان بالفواكه والبذور (350 جرام),380,10,15,55,Cooked oatmeal (250g) topped with mixed fruits (50g) and seeds (30g mixed seeds).,شوفان مطبوخ (250 جرام) مغطى بالفواكه المشكلة (50 جرام) والبذور (30 جرام بذور مشكلة).,american,350g serving,350 جرام للوجبة,No bread suggested,لا يقترح خبز,"vegan,vegetarian,moderate-protein,moderate-fat,high-carb,breakfast",,,breakfast,,,,
Whole Wheat French Toast with Berries and Yogurt (2 slices),توست فرنسي قمح كامل بالتوت والزبادي (2 شريحة),420,15,15,60,Whole wheat French toast (2 slices) served with berries (30g) and Greek yogurt (50g).,توست فرنسي قمح كامل (2 شريحة) يقدم مع التوت (30 جرام) والزبادي اليوناني (50 جرام).,american,2 slices French toast + toppings,2 شريحة توست فرنسي + الإضافات,Already includes bread (French toast),يحتوي بالفعل على خبز (توست فرنسي),"vegetarian,moderate-protein,moderate-fat,high-carb,breakfast",,,breakfast,,,,
Whole Wheat Bagel with Smoked Salmon and Cream Cheese (1 bagel),خبز البيغل بالقمح الكامل مع السلمون المدخن والجبن الكريمي (1 بيغل),450,20,25,35,Toasted whole wheat bagel (1 medium) with cream cheese (30g) and smoked salmon (50g).,خبز البيغل المصنوع من القمح الكامل المحمص (1 متوسط) مع الجبن الكريمي (30 جرام) والسلمون المدخن (50 جرام).,american,1 bagel serving,1 وجبة بيغل,Already includes bread (bagel),يحتوي بالفعل على خبز (بيغل),"high-protein,high-fat,moderate-carb,breakfast",,,breakfast,,,,
Egg and Cheese Breakfast Wrap (1 wrap),لفائف إفطار بالبيض والجبن (1 لفافة),400,20,20,35,"Whole wheat tortilla (1 large) filled with scrambled eggs (2), cheese (30g), and spinach (30g).",تورتيلا قمح كامل (1 كبير) محشوة بالبيض المخفوق (2) والجبن (30 جرام) والسبانخ (30 جرام).,american,1 wrap serving,1 وجبة لفافة,No bread suggested,لا يقترح خبز,"vegetarian,high-protein,moderate-fat,moderate-carb,breakfast",,,breakfast,,,,
High-Protein Pancakes (3 pancakes),بان كيك عالي البروتين (3 بان كيك),400,30,12,40,"Protein pancakes (3 medium) made with protein powder (30g), whole wheat flour, and milk. Served with fruit (optional).",بان كيك بروتين (3 متوسط) مصنوع من مسحوق البروتين (30 جرام) ودقيق القمح الكامل والحليب. تقدم مع الفاكهة (اختياري).,american,3 pancakes,3 بان كيك,No bread suggested,لا يقترح خبز,"high-protein,moderate-fat,moderate-carb,breakfast",,,breakfast,,,,
Greek Yogurt with Granola and Fruit (350g),زبادي يوناني بالجرانولا والفواكه (350 جرام),380,22,15,40,Greek yogurt (250g) topped with granola (50g) and mixed fruits (50g).,زبادي يوناني (250 جرام) مغطى بالجرانولا (50 جرام) والفواكه المشكلة (50 جرام).,mediterranean/american,350g serving,350 جرام للوجبة,No bread suggested,لا يقترح خبز,"vegetarian,high-protein,moderate-fat,moderate-carb,breakfast,mediterranean",,,breakfast,,,,
Oatmeal with Peanut Butter and Banana (350g),شوفان بزبدة الفول السوداني والموز (350 جرام),400,15,18,50,Cooked oatmeal (250g) with peanut butter (2 tbsp) and sliced banana (1 medium).,شوفان مطبوخ (250 جرام) بزبدة الفول السوداني (2 ملعقة كبيرة) والموز المقطع (1 متوسط).,american,350g serving,350 جرام للوجبة,No bread suggested,لا يقترح خبز,"vegan,vegetarian,moderate-protein,moderate-fat,high-carb,breakfast",,,breakfast,,,,
High-Protein Egg and Cheese Toast (2 slices),توست بالبيض والجبن عالي البروتين (2 شريحة),380,25,20,20,Whole wheat toast (2 slices) topped with scrambled eggs (2) and cheese (30g).,توست قمح كامل (2 شريحة) مغطى بالبيض المخفوق (2) والجبن (30 جرام).,american,2 slices toast + toppings,2 شريحة توست + الإضافات,Already includes bread (toast),يحتوي بالفعل على خبز (توست),"high-protein,moderate-fat,moderate-carb,breakfast",,,breakfast,,,,
Steak and Egg Breakfast Burrito (1 burrito),بوريتو إفطار بالستيك والبيض (1 بوريتو),600,50,35,40,"Large whole wheat tortilla (80g) filled with steak strips (100g), scrambled eggs (2), cheese (30g), and salsa (30g).",تورتيلا قمح كامل كبيرة (80 جرام) محشوة بشرائح الستيك (100 جرام) والبيض المخفوق (2) والجبن (30 جرام) والصلصة (30 جرام).,mexican/american,1 burrito,1 بوريتو,No bread suggested,لا يقترح خبز,"high-protein,high-fat,moderate-carb,breakfast,mexican,keto-friendly",,,breakfast,,,,
Tofu Scramble with Vegetables and Avocado (350g),توفو مخفوق بالخضروات والأفوكادو (350 جرام),350,20,20,20,"Tofu scramble (200g tofu) with mixed vegetables (100g peppers, onions, mushrooms) and avocado (50g).","توفو مخفوق (200 جرام توفو) مع خضروات مشكلة (100 جرام فلفل، بصل، فطر) وأفوكادو (50 جرام).",vegan,350g serving,350 جرام للوجبة,No bread suggested,لا يقترح خبز,"vegan,vegetarian,high-protein,moderate-fat,moderate-carb,breakfast",,,breakfast,,,,
High-Protein Cottage Cheese Pancakes (2 pancakes),بان كيك جبن قريش عالي البروتين (2 بان كيك),320,30,8,30,"Cottage cheese pancakes (2 medium) made with cottage cheese (150g), eggs, and flour. Served with fruit (optional).",بان كيك جبن قريش (2 متوسط) مصنوع من جبن قريش (150 جرام) والبيض والدقيق. تقدم مع الفاكهة (اختياري).,american,2 pancakes,2 بان كيك,No bread suggested,لا يقترح خبز,"high-protein,moderate-fat,moderate-carb,breakfast",,,breakfast,,,,
Greek Yogurt Breakfast Bowl (450g),وعاء إفطار زبادي يوناني (450 جرام),450,40,20,30,"Large breakfast bowl with Greek yogurt (300g), protein granola (50g), mixed berries (50g), and nuts (50g almonds).",وعاء إفطار كبير بالزبادي اليوناني (300 جرام) وجرانولا بروتين (50 جرام) وتوت مشكل (50 جرام) ومكسرات (50 جرام لوز).,american/mediterranean,450g bowl,450 جرام للوجبة,No bread suggested,لا يقترح خبز,"vegetarian,high-protein,moderate-fat,moderate-carb,breakfast,mediterranean",,,breakfast,,,,
Chicken and Veggie Omelette (1 omelette),أومليت دجاج وخضروات (1 أومليت),350,28,25,8,"Omelette (2 eggs) filled with cooked chicken breast (50g) and mixed vegetables (50g peppers, onions, mushrooms).","أومليت (2 بيضة) محشو بصدور دجاج مطبوخة (50 جرام) وخضروات مشكلة (50 جرام فلفل، بصل، فطر).",american,1 omelette,1 أومليت,No bread suggested,لا يقترح خبز,"high-protein,high-fat,low-carb,breakfast",,,breakfast,,,,
Salmon and Eggs Benedict (1 serving),بيض بنديكت بالسلمون (1 وجبة),550,30,40,20,"Eggs Benedict with smoked salmon instead of ham, served on whole wheat English muffin (1 muffin) with hollandaise sauce.","بيض بنديكت بالسلمون المدخن بدلاً من لحم الخنزير، يقدم على مافن إنجليزي من القمح الكامل (1 مافن) مع صلصة هولنديز.",american/french,1 serving,1 وجبة,Already includes bread (English muffin),يحتوي بالفعل على خبز (مافن إنجليزي),"high-protein,high-fat,moderate-carb,breakfast,french",,,breakfast,,,,
Breakfast Crepes with Spinach and Feta (2 crepes),كريب إفطار بالسبانخ والفيتا (2 كريب),400,18,20,35,"Two whole wheat crepes filled with spinach (50g), feta cheese (40g), and eggs (scrambled egg mixture).",اثنان من الكريب القمح الكامل محشوة بالسبانخ (50 جرام) وجبن فيتا (40 جرام) والبيض (مزيج البيض المخفوق).,french,2 crepes,2 كريب,No bread suggested,لا يقترح خبز,"vegetarian,moderate-protein,moderate-fat,moderate-carb,breakfast,french",,,breakfast,,,,
Breakfast Empanadas with Chicken and Cheese (2 empanadas),إمباناداس إفطار بالدجاج والجبن (2 إمباناداس),500,25,30,35,"Two whole wheat empanadas filled with shredded chicken (80g), cheese (30g), and vegetables (onions, peppers). Baked or air-fried.","اثنان من الإمباناداس القمح الكامل محشوة بالدجاج المفروم (80 جرام) والجبن (30 جرام) والخضروات (بصل، فلفل). مخبوزة أو مقلية بالهواء.",latin_american,2 empanadas,2 إمباناداس,No bread suggested,لا يقترح خبز,"moderate-protein,moderate-fat,moderate-carb,breakfast,latin_american",,,breakfast,,,,
Breakfast Quiche Lorraine (1 slice),كيش لورين إفطار (1 شريحة),450,22,35,15,"Slice of quiche lorraine (classic quiche - approx. 150g) with egg custard, bacon (50g), onions, and cheese (Gruyere). Whole wheat crust.",شريحة من كيش لورين (كيش كلاسيكي - حوالي 150 جرام) مع كاسترد البيض ولحم الخنزير المقدد (50 جرام) والبصل والجبن (جرويير). قشرة قمح كامل.,french,1 slice quiche lorraine,1 شريحة كيش لورين,No bread suggested,لا يقترح خبز,"moderate-protein,high-fat,moderate-carb,breakfast,french",,,breakfast,,,,
Breakfast Strata with Ham and Cheese (1 slice),ستراتا إفطار بالهام والجبن (1 شريحة),420,20,25,30,"Slice of breakfast strata with whole wheat bread, eggs, ham (50g), cheese (30g), and milk. Baked casserole style.",شريحة من ستراتا الإفطار بالخبز القمح الكامل والبيض ولحم الخنزير (50 جرام) والجبن (30 جرام) والحليب. خزفي مخبوز.,american,1 slice strata,1 شريحة ستراتا,No bread suggested,لا يقترح خبز,"moderate-protein,moderate-fat,moderate-carb,breakfast,casserole",,,breakfast,,,,
Breakfast Bowls with Sausage and Gravy (400g),أوعية إفطار بالنقانق والمرق (400 جرام),500,25,35,30,Breakfast bowl with sausage gravy (200g - made with sausage and milk gravy) over biscuits (2 biscuits - approx. 100g) and topped with a fried egg (1).,وعاء إفطار بمرق النقانق (200 جرام - مصنوع من النقانق ومرق الحليب) فوق البسكويت (2 بسكويت - حوالي 100 جرام) ومغطى ببيض مقلي (1).,american,400g bowl,400 جرام للوجبة,Already includes bread (biscuits),يحتوي بالفعل على خبز (بسكويت),"moderate-protein,high-fat,moderate-carb,breakfast,bowl",,,breakfast,,,,
Breakfast Hash with Corned Beef and Potatoes (380g),هاش إفطار باللحم البقري المحفوظ والبطاطس (380 جرام),350,28,15,35,"Breakfast hash with corned beef (100g), potatoes (150g), onions (50g), and peppers (50g). Sautéed until browned.",هاش إفطار باللحم البقري المحفوظ (100 جرام) والبطاطس (150 جرام) والبصل (50 جرام) والفلفل (50 جرام). مقلي حتى يصبح لونها بنياً.,american,380g serving,380 جرام للوجبة,No bread suggested,لا يقترح خبز,"high-protein,moderate-fat,moderate-carb,breakfast,hash",,,breakfast,,,,
Breakfast Skillet with Ham and Potatoes (420g),مقلاة إفطار بالهام والبطاطس (420 جرام),480,25,30,35,"Breakfast skillet with diced ham (80g), diced potatoes (150g), onions (50g), peppers (50g), and topped with scrambled eggs (2).",مقلاة إفطار بالهام المقطع (80 جرام) والبطاطس المقطعة (150 جرام) والبصل (50 جرام) والفلفل (50 جرام) ومغطاة بالبيض المخفوق (2).,american,420g skillet,420 جرام مقلاة,No bread suggested,لا يقترح خبز,"moderate-protein,high-fat,moderate-carb,breakfast,skillet",,,breakfast,,,,
Breakfast Casserole with Ham and Cheese (1 cup),طاجن إفطار بالهام والجبن (1 كوب),450,28,32,20,"Breakfast casserole (1 cup) with eggs, ham (80g), cheese (cheddar - 30g), and bread cubes. Baked until golden.",طاجن إفطار (1 كوب) مع البيض والهام (80 جرام) والجبن (شيدر - 30 جرام) ومكعبات الخبز. مخبوز حتى يصبح لونها ذهبياً.,american,1 cup casserole,1 كوب طاجن,No bread suggested,لا يقترح خبز,"moderate-protein,high-fat,moderate-carb,breakfast,casserole",,,breakfast,,,,
Breakfast Muffins (Meat and Cheese - 2 muffins),مافن إفطار (لحوم وجبن - 2 مافن),400,20,25,20,"Savory breakfast muffins (2 muffins) with whole wheat flour, eggs, cheese (20g), and meat (ham, sausage - 50g). Baked until golden.","مافن إفطار مالح (2 مافن) بدقيق القمح الكامل والبيض والجبن (20 جرام) واللحوم (هام، نقانق - 50 جرام). مخبوز حتى يصبح لونها ذهبياً.",american,2 muffins,2 مافن,No bread suggested,لا يقترح خبز,"moderate-protein,high-fat,moderate-carb,breakfast,muffin",,,breakfast,,,,
Breakfast Scones (Cheese and Herb - 1 scone),سكون إفطار (جبن وأعشاب - 1 سكون),350,9,18,35,"Cheese and herb breakfast scone (1 scone) made with whole wheat flour, cheese (cheddar), and herbs (chives, dill).","سكون إفطار بالجبن والأعشاب (1 سكون) مصنوع من دقيق القمح الكامل والجبن (شيدر) والأعشاب (بصل أخضر، شبت).",british/american,1 scone,1 سكون,No bread suggested,لا يقترح خبز,"vegetarian,moderate-protein,moderate-fat,moderate-carb,breakfast,scone",,,breakfast,,,,
Breakfast Biscuits with Sausage Gravy (2 biscuits),بسكويت إفطار مع مرق النقانق (2 بسكويت),500,15,30,40,Two breakfast biscuits served with sausage gravy (1/2 cup).,اثنان من بسكويت الإفطار يقدم مع مرق النقانق (نصف كوب).,american,2 biscuits + gravy,2 بسكويت + مرق,Already includes bread (biscuits),يحتوي بالفعل على خبز (بسكويت),"moderate-protein,high-fat,high-carb,breakfast,biscuit",,,breakfast,,,,
Breakfast Rolls with Cinnamon and Sugar (1 roll),لفائف إفطار بالقرفة والسكر (1 لفة),350,5,15,50,Breakfast roll (1 roll) with cinnamon and sugar glaze.,لفة إفطار (1 لفة) بطلاء القرفة والسكر.,american,1 roll,1 لفة,No bread suggested,لا يقترح خبز,"vegetarian,low-protein,moderate-fat,high-carb,breakfast,roll,sweet",,,breakfast,,,,
Breakfast Danish with Cream Cheese Filling (1 pastry),دانماركي إفطار بحشوة الجبن الكريمي (1 معجنات),450,5,25,50,Breakfast danish pastry (1 pastry) with cream cheese filling and fruit topping.,معجنات دانماركية للإفطار (1 معجنات) بحشوة الجبن الكريمي وتغطية الفاكهة.,danish,1 pastry,1 معجنات,No bread suggested,لا يقترح خبز,"vegetarian,low-protein,high-fat,high-carb,breakfast,danish",,,breakfast,,,,
Breakfast Croissant with Ham and Cheese (1 croissant),كرواسون إفطار بالهام والجبن (1 كرواسون),450,15,25,35,Croissant (1 croissant) filled with ham (50g) and cheese (30g).,كرواسون (1 كرواسون) محشو بالهام (50 جرام) والجبن (30 جرام).,french,1 croissant,1 كرواسون,No bread suggested,لا يقترح خبز,"moderate-protein,high-fat,moderate-carb,breakfast,croissant,french",,,breakfast,,,,
Breakfast Samosas with Meat (2 samosas),سمبوسة إفطار باللحوم (2 سمبوسة),400,12,20,35,"Two baked or air-fried breakfast samosas filled with minced meat (beef or lamb), peas, and spices.",اثنان من سمبوسة الإفطار المخبوزة أو المقلية بالهواء محشوة باللحم المفروم (لحم بقري أو ضأن) والبازلاء والتوابل.,indian,2 samosas,2 سمبوسة,No bread suggested,لا يقترح خبز,"moderate-protein,moderate-fat,moderate-carb,breakfast,indian",,,breakfast,,,,
Breakfast Spring Rolls with Shrimp (2 rolls),لفائف الربيع للإفطار بالجمبري (2 لفافة),350,10,18,30,"Two fresh breakfast spring rolls filled with vegetables, shrimp (50g), and herbs. Served with peanut dipping sauce.",اثنان من لفائف الربيع الطازجة للإفطار محشوة بالخضروات والجمبري (50 جرام) والأعشاب. تقدم مع صلصة غمس الفول السوداني.,vietnamese,2 spring rolls,2 لفافة ربيع,No bread suggested,لا يقترح خبز,"moderate-protein,moderate-fat,moderate-carb,breakfast,vietnamese",,,breakfast,,,,
Breakfast Dumplings (Pan-Fried - 4 dumplings),زلابية إفطار (مقلية - 4 زلابية),380,10,18,40,Four pan-fried breakfast dumplings filled with pork and vegetables. Served with soy sauce.,أربعة زلابية إفطار مقلية محشوة بلحم الخنزير والخضروات. تقدم مع صلصة الصويا.,asian,4 dumplings,4 زلابية,No bread suggested,لا يقترح خبز,"moderate-protein,moderate-fat,moderate-carb,breakfast,asian",,,breakfast,,,,
Breakfast Congee (Pork - 1 bowl),كونجي إفطار (لحم خنزير - 1 وعاء),300,18,8,35,"Bowl of pork congee (rice porridge) with shredded pork, ginger, and green onions.",وعاء من كونجي لحم الخنزير (عصيدة الأرز) مع لحم خنزير مبشور وزنجبيل وبصل أخضر.,asian,1 bowl congee,1 وعاء كونجي,No bread suggested,لا يقترح خبز,"moderate-protein,low-fat,moderate-carb,breakfast,asian,soup",,,breakfast,,,,
Breakfast Miso Soup (with Salmon - 1 bowl),حساء ميسو للإفطار (مع سلمون - 1 وعاء),180,12,8,8,"Bowl of miso soup with flaked salmon (50g), tofu, and seaweed.",وعاء من حساء ميسو مع سلمون مقشر (50 جرام) وتوفو وأعشاب بحرية.,japanese,1 bowl miso soup,1 وعاء حساء ميسو,No bread suggested,لا يقترح خبز,"moderate-protein,moderate-fat,low-carb,breakfast,japanese,soup",,,breakfast,,,,
Breakfast Noodle Soup (Beef - 1 bowl),حساء نودلز للإفطار (لحم بقري - 1 وعاء),420,30,12,50,"Bowl of beef noodle soup with rice noodles, beef slices (50g), and vegetables (bok choy, bean sprouts).","وعاء من حساء نودلز اللحم البقري مع نودلز الأرز وشرائح اللحم البقري (50 جرام) والخضروات (بوك تشوي، براعم الفول).",asian,1 bowl noodle soup,1 وعاء حساء نودلز,No bread suggested,لا يقترح خبز,"moderate-protein,low-fat,moderate-carb,breakfast,asian,soup",,,breakfast,,,,
Breakfast Fried Rice (Chicken - 1 cup),أرز مقلي للإفطار (دجاج - 1 كوب),380,10,12,50,"Cup of chicken fried rice with diced chicken (50g), mixed vegetables, and egg.",كوب من الأرز المقلي بالدجاج مع دجاج مقطع (50 جرام) وخضروات مشكلة وبيض.,asian,1 cup fried rice,1 كوب أرز مقلي,No bread suggested,لا يقترح خبز,"moderate-protein,moderate-fat,moderate-carb,breakfast,asian",,,breakfast,,,,
Breakfast Stir-Fry (Shrimp and Vegetables - 1 cup),إفطار سوتيه (جمبري وخضروات - 1 كوب),320,18,15,20,"Cup of shrimp and vegetable stir-fry with shrimp (80g) and mixed vegetables (broccoli, snow peas, carrots).","كوب من سوتيه الجمبري والخضروات بالجمبري (80 جرام) وخضروات مشكلة (بروكلي، بازلاء الثلج، جزر).",asian,1 cup stir-fry,1 كوب سوتيه,No bread suggested,لا يقترح خبز,"moderate-protein,moderate-fat,moderate-carb,breakfast,asian,stir-fry",,,breakfast,,,,
Breakfast Curry (Chicken - 1 cup),كاري إفطار (دجاج - 1 كوب),350,15,20,25,Cup of chicken curry with chicken pieces (80g) in a mild coconut milk based curry sauce.,كوب من كاري الدجاج بقطع الدجاج (80 جرام) في صلصة كاري خفيفة تعتمد على حليب جوز الهند.,indian,1 cup curry,1 كوب كاري,No bread suggested,لا يقترح خبز,"moderate-protein,moderate-fat,moderate-carb,breakfast,indian,curry",,,breakfast,,,,
Breakfast Dosa (Masala Dosa - 1 dosa),دوسة إفطار (ماسالا دوسة - 1 دوسة),350,8,12,50,One masala dosa (South Indian crepe filled with spiced potatoes - approx. 120g).,ماسالا دوسة واحدة (كريب جنوب هندي محشو بالبطاطس المتبلة - حوالي 120 جرام).,indian,1 masala dosa,1 ماسالا دوسة,No bread suggested,لا يقترح خبز,"vegan,vegetarian,moderate-protein,moderate-fat,high-carb,breakfast,indian",,,breakfast,,,,
Breakfast Idli Sambar (2 idlis + 1/2 cup sambar),إدلي سامبر إفطار (2 إدلي + نصف كوب سامبر),300,8,5,45,Two idlis served with half cup of sambar (South Indian lentil and vegetable stew).,اثنان إدلي يقدم مع نصف كوب من سامبر (حساء عدس وخضروات من جنوب الهند).,indian,2 idlis + 1/2 cup sambar,2 إدلي + نصف كوب سامبر,No bread suggested,لا يقترح خبز,"vegan,vegetarian,moderate-protein,low-fat,high-carb,breakfast,indian",,,breakfast,,,,
Breakfast Upma with Vegetables and Nuts (1 cup),أوبما إفطار بالخضروات والمكسرات (1 كوب),280,7,8,40,"Cup of upma with vegetables and topped with nuts (10g cashews, almonds).","كوب من أوبما بالخضروات ومغطى بالمكسرات (10 جرام كاجو، لوز).",indian,1 cup upma,1 كوب أوبما,No bread suggested,لا يقترح خبز,"vegan,vegetarian,moderate-protein,moderate-fat,moderate-carb,breakfast,indian",,,breakfast,,,,
Breakfast Poha with Peanuts and Lemon (1 cup),بوها إفطار بالفول السوداني والليمون (1 كوب),250,5,5,45,"Cup of poha with peanuts (10g), onions, potatoes, spices, and lemon juice.",كوب من بوها بالفول السوداني (10 جرام) والبصل والبطاطس والتوابل وعصير الليمون.,indian,1 cup poha,1 كوب بوها,No bread suggested,لا يقترح خبز,"vegan,vegetarian,moderate-protein,moderate-fat,high-carb,breakfast,indian",,,breakfast,,,,
Breakfast Paratha with Yogurt (1 paratha + 1/2 cup yogurt),باراثا إفطار بالزبادي (1 باراثا + نصف كوب زبادي),400,10,18,45,One paratha served with half cup of plain yogurt.,باراثا واحد يقدم مع نصف كوب من الزبادي العادي.,indian,1 paratha + 1/2 cup yogurt,1 باراثا + نصف كوب زبادي,No bread suggested,لا يقترح خبز,"vegetarian,moderate-protein,moderate-fat,moderate-carb,breakfast,indian",,,breakfast,,,,
Breakfast Roti with Vegetable Curry (2 rotis + 1/2 cup curry),روتي إفطار بكاري خضروات (2 روتي + نصف كوب كاري),400,10,10,60,Two rotis served with half cup of vegetable curry.,اثنان من روتي يقدم مع نصف كوب من كاري الخضروات.,indian,2 rotis + 1/2 cup curry,2 روتي + نصف كوب كاري,No bread suggested,لا يقترح خبز,"vegan,vegetarian,moderate-protein,low-fat,high-carb,breakfast,indian",,,breakfast,,,,
Breakfast Chapati with Chana Masala (2 chapatis + 1/2 cup chana masala),تشاباتي إفطار بتشانا ماسالا (2 تشاباتي + نصف كوب تشانا ماسالا),400,10,8,60,Two chapatis served with half cup of chana masala.,اثنان من تشاباتي يقدم مع نصف كوب من تشانا ماسالا.,indian,2 chapatis + 1/2 cup chana masala,2 تشاباتي + نصف كوب تشانا ماسالا,No bread suggested,لا يقترح خبز,"vegan,vegetarian,moderate-protein,low-fat,high-carb,breakfast,indian",,,breakfast,,,,
Breakfast Aloo Paratha with Yogurt (1 aloo paratha + 1/2 cup yogurt),الو باراثا إفطار بالزبادي (1 الو باراثا + نصف كوب زبادي),450,11,20,50,One aloo paratha served with half cup of plain yogurt.,الو باراثا واحد يقدم مع نصف كوب من الزبادي العادي.,indian,1 aloo paratha + 1/2 cup yogurt,1 الو باراثا + نصف كوب زبادي,No bread suggested,لا يقترح خبز,"vegetarian,moderate-protein,moderate-fat,high-carb,breakfast,indian",,,breakfast,,,,
Breakfast Paneer Paratha with Raita (1 paneer paratha + 1/2 cup raita),بانير باراثا إفطار بالرايتا (1 بانير باراثا + نصف كوب رايتا),480,15,22,45,One paneer paratha served with half cup of raita (yogurt and vegetable dip).,بانير باراثا واحد يقدم مع نصف كوب من الرايتا (غموس زبادي وخضروات).,indian,1 paneer paratha + 1/2 cup raita,1 بانير باراثا + نصف كوب رايتا,No bread suggested,لا يقترح خبز,"vegetarian,moderate-protein,moderate-fat,moderate-carb,breakfast,indian",,,breakfast,,,,
Breakfast Egg Curry with Roti (1 cup curry + 2 rotis),كاري البيض للإفطار مع روتي (1 كوب كاري + 2 روتي),450,20,22,45,Cup of egg curry served with two rotis.,كوب من كاري البيض يقدم مع اثنين من روتي.,indian,1 cup curry + 2 rotis,1 كوب كاري + 2 روتي,Already includes bread (roti),يحتوي بالفعل على خبز (روتي),"moderate-protein,high-fat,moderate-carb,breakfast,indian,curry",,,breakfast,,,,
Breakfast Chana Masala with Bhatura (1 cup chana masala + 1 bhatura),تشانا ماسالا إفطار مع باتورا (1 كوب تشانا ماسالا + 1 باتورا),550,12,30,60,Cup of chana masala served with one bhatura (Indian fried bread).,كوب من تشانا ماسالا يقدم مع واحد باتورا (خبز هندي مقلي).,indian,1 cup chana masala + 1 bhatura,1 كوب تشانا ماسالا + 1 باتورا,Already includes bread (bhatura),يحتوي بالفعل على خبز (باتورا),"vegan,vegetarian,moderate-protein,high-fat,high-carb,breakfast,indian,curry",,,breakfast,,,,
Breakfast Dal Makhani with Rice (1/2 cup dal makhani + 1 cup rice),دال مخاني إفطار مع أرز (نصف كوب دال مخاني + 1 كوب أرز),500,15,28,50,Half cup of dal makhani served with one cup of cooked rice.,نصف كوب من دال مخاني يقدم مع كوب واحد من الأرز المطبوخ.,indian,1/2 cup dal makhani + 1 cup rice,نصف كوب دال مخاني + 1 كوب أرز,Already includes rice,يحتوي بالفعل على أرز,vegetarian,moderate-protein,high-fat,high-carb,breakfast,"indian""",,
Feteer Meshaltet with Honey and Cheese (150g),فطير مشلتت بالعسل والجبن (150 جرام),450,7,25,50,Piece of feteer meshaltet (120g) with honey (1 tbsp) and cheese (20g).,قطعة من فطير مشلتت (120 جرام) مع عسل (1 ملعقة كبيرة) وجبن (20 جرام).,egyptian,150g serving,150 جرام للوجبة,No bread suggested,لا يقترح خبز,"vegetarian,low-protein,high-fat,high-carb,breakfast,egyptian,pastry",,,breakfast,,,,
Konafa with Nuts (Small Piece - 100g),كنافة بالمكسرات (قطعة صغيرة - 100 جرام),400,6,20,45,Small piece of konafa with nuts (20g) and syrup.,قطعة صغيرة من كنافة بالمكسرات (20 جرام) والشراب.,egyptian,100g piece,100 جرام قطعة,No bread suggested,لا يقترح خبز,"vegetarian,low-protein,high-fat,high-carb,breakfast,egyptian,pastry,sweet",,,breakfast,,,,
Basbousa with Almonds (Small Piece - 100g),بسبوسة باللوز (قطعة صغيرة - 100 جرام),380,5,18,50,Small piece of basbousa topped with almonds (10g) and syrup.,قطعة صغيرة من بسبوسة مغطاة باللوز (10 جرام) والشراب.,egyptian,100g piece,100 جرام قطعة,No bread suggested,لا يقترح خبز,"vegetarian,low-protein,high-fat,high-carb,breakfast,egyptian,pastry,sweet",,,breakfast,,,,
Umm Ali with Qeshta (Small Bowl - 200g),أم علي بالقشطة (طبق صغير - 200 جرام),500,6,25,60,Small bowl of umm ali with added qeshta (30g) for extra creaminess.,طبق صغير من أم علي مع قشطة مضافة (30 جرام) لمزيد من القوام الكريمي.,egyptian,200g bowl,200 جرام طبق,No bread suggested,لا يقترح خبز,"vegetarian,low-protein,high-fat,high-carb,breakfast,egyptian,dessert",,,breakfast,,,,
Rice Pudding with Nuts and Cinnamon (Small Bowl - 200g),أرز باللبن بالمكسرات والقرفة (طبق صغير - 200 جرام),300,5,10,45,Small bowl of rice pudding topped with nuts (10g) and cinnamon.,طبق صغير من أرز باللبن مغطى بالمكسرات (10 جرام) والقرفة.,egyptian,200g bowl,200 جرام طبق,No bread suggested,لا يقترح خبز,"vegetarian,low-protein,moderate-fat,high-carb,breakfast,egyptian,dessert",,,breakfast,,,,
Semolina Halva with Qeshta (Small Portion - 100g),حلاوة سميد بالقشطة (حصة صغيرة - 100 جرام),400,4,18,50,Small portion of semolina halva topped with qeshta (20g).,حصة صغيرة من حلاوة سميد مغطاة بالقشطة (20 جرام).,egyptian,100g portion,100 جرام حصة,No bread suggested,لا يقترح خبز,"vegetarian,low-protein,high-fat,high-carb,breakfast,egyptian,dessert",,,breakfast,,,,
Qeshta with Baladi Bread and Honey (150g),قشطة مع خبز بلدي وعسل (150 جرام),400,4,25,40,Qeshta (100g) served with baladi bread (50g) and honey (1 tbsp).,قشطة (100 جرام) تقدم مع خبز بلدي (50 جرام) وعسل (1 ملعقة كبيرة).,egyptian,150g serving,150 جرام للوجبة,Already includes bread (Baladi bread),يحتوي بالفعل على خبز (خبز بلدي),"vegetarian,low-protein,high-fat,moderate-carb,breakfast,egyptian,dessert",,,breakfast,,,,
Molokhia Soup with Rabbit (Small Bowl - 250ml),شوربة ملوخية بالأرانب (طبق صغير - 250 مل),250,20,10,10,Small bowl of molokhia soup with rabbit meat (30g) instead of chicken.,طبق صغير من شوربة ملوخية بلحم الأرانب (30 جرام) بدلاً من الدجاج.,egyptian,250ml bowl,250 مل طبق,50g Baladi Bread (optional),50 جرام خبز بلدي (اختياري),"moderate-protein,moderate-fat,low-carb,breakfast,egyptian,soup",,,breakfast,,,,
Besara with Baladi Bread (350g),بصارة مع خبز بلدي (350 جرام),300,12,12,40,Besara (300g) served with baladi bread (50g).,بصارة (300 جرام) تقدم مع خبز بلدي (50 جرام).,egyptian,350g serving,350 جرام للوجبة,Already includes bread (Baladi bread),يحتوي بالفعل على خبز (خبز بلدي),"vegan,vegetarian,moderate-protein,moderate-fat,moderate-carb,breakfast,egyptian",,,breakfast,,,,
Eggah with Cheese (Egyptian Omelette with Cheese - 1 slice),عجة بالجبنة (أومليت مصري بالجبنة - 1 شريحة),320,18,25,8,Slice of eggah with added cheese (cheddar - 20g) to the vegetable omelette.,شريحة من عجة مع جبن مضاف (شيدر - 20 جرام) إلى أومليت الخضروات.,egyptian,1 slice eggah,1 شريحة عجة,No bread suggested,لا يقترح خبز,"vegetarian,moderate-protein,high-fat,low-carb,breakfast,egyptian,omelette",,,breakfast,,,,
Batates Maqliya with Eggs (Fried Potatoes and Eggs - 200g),بطاطس مقلية بالبيض (بطاطس مقلية وبيض - 200 جرام),400,10,25,40,Small portion of batates maqliya (150g) topped with a fried egg (1).,حصة صغيرة من بطاطس مقلية (150 جرام) مغطاة ببيض مقلي (1).,egyptian,200g serving,200 جرام للوجبة,No bread suggested,لا يقترح خبز,"vegetarian,low-protein,high-fat,high-carb,breakfast,egyptian,fried",,,breakfast,,,,
Gebna Bayda with Baladi Bread (150g),جبنة بيضاء مع خبز بلدي (150 جرام),250,14,15,10,White cheese (100g) served with baladi bread (50g).,جبنة بيضاء (100 جرام) تقدم مع خبز بلدي (50 جرام).,egyptian,150g serving,150 جرام للوجبة,Already includes bread (Baladi bread),يحتوي بالفعل على خبز (خبز بلدي),"vegetarian,moderate-protein,moderate-fat,low-carb,breakfast,egyptian,cheese",,,breakfast,,,,
Halawa with Baladi Bread (100g),حلاوة طحينية مع خبز بلدي (100 جرام),350,9,22,30,Halawa (50g) served with baladi bread (50g).,حلاوة طحينية (50 جرام) تقدم مع خبز بلدي (50 جرام).,egyptian,100g serving,100 جرام للوجبة,Already includes bread (Baladi bread),يحتوي بالفعل على خبز (خبز بلدي),"vegetarian,moderate-protein,high-fat,moderate-carb,breakfast,egyptian,sweet",,,breakfast,,,,
Mesh Cheese with Tomato and Baladi Bread (200g),جبنة مش مع طماطم وخبز بلدي (200 جرام),380,16,22,25,Mesh cheese (100g) with sliced tomato (50g) and baladi bread (50g).,جبنة مش (100 جرام) مع طماطم مقطعة (50 جرام) وخبز بلدي (50 جرام).,egyptian,200g serving,200 جرام للوجبة,Already includes bread (Baladi bread),يحتوي بالفعل على خبز (خبز بلدي),"vegetarian,high-protein,high-fat,moderate-carb,breakfast,egyptian,cheese",,,breakfast,,,,
Foul bi Zeit Zeitoun with Taameya (350g),فول بزيت زيتون مع طعمية (350 جرام),350,18,12,45,Fava beans with olive oil (250g) served with taameya (2 pieces).,فول بزيت زيتون (250 جرام) يقدم مع طعمية (2 قطعة).,egyptian,350g serving,350 جرام للوجبة,100g whole wheat pita bread (optional),100 جرام خبز بيتا القمح الكامل (اختياري),"vegan,vegetarian,moderate-protein,moderate-fat,high-carb,breakfast,egyptian",,,breakfast,,,,
Tamia Bel Gebna with Baladi Bread (150g),طعمية بالجبنة مع خبز بلدي (150 جرام),300,17,15,25,Tamia bel gebna (2 pieces - approx. 80g) served with baladi bread (70g).,طعمية بالجبنة (2 قطعة - حوالي 80 جرام) تقدم مع خبز بلدي (70 جرام).,egyptian,150g serving,150 جرام للوجبة,Already includes bread (Baladi bread),يحتوي بالفعل على خبز (خبز بلدي),"vegetarian,moderate-protein,moderate-fat,moderate-carb,breakfast,egyptian",,,breakfast,,,,
Ful Medames Iskandarani (350g),فول مدمس إسكندراني (350 جرام),350,18,13,45,"Ful medames iskandarani (Alexandrian style - 350g) with butter, lemon, and spices.",فول مدمس إسكندراني (على الطريقة الإسكندرانية - 350 جرام) بالزبدة والليمون والتوابل.,egyptian,350g serving,350 جرام للوجبة,100g whole wheat pita bread (optional),100 جرام خبز بيتا القمح الكامل (اختياري),"moderate-protein,moderate-fat,high-carb,breakfast,egyptian",,,breakfast,,,,
Shakshuka with Merguez Sausage (350g),شكشوكة بنقانق المرقاز (350 جرام),400,25,25,20,Shakshuka (2 eggs and sauce) with added merguez sausage (50g).,شكشوكة (2 بيضة وصلصة) مع نقانق المرقاز المضافة (50 جرام).,egyptian/mediterranean,350g serving,350 جرام للوجبة,50g whole wheat bread (1 slice),50 جرام خبز القمح الكامل (1 شريحة),"moderate-protein,moderate-fat,moderate-carb,breakfast,egyptian,mediterranean",,,breakfast,,,,
Labneh with Figs and Walnuts (200g),لبنة بالتين والجوز (200 جرام),350,10,28,20,Labneh (150g) topped with dried figs (2 figs) and walnuts (20g).,لبنة (150 جرام) مغطاة بالتين المجفف (2 تين) والجوز (20 جرام).,egyptian/mediterranean,200g serving,200 جرام للوجبة,100g whole wheat pita bread or vegetables,100 جرام خبز بيتا القمح الكامل أو خضروات,"vegetarian,moderate-protein,high-fat,moderate-carb,breakfast,mediterranean",,,breakfast,,,,
Baladi Bread with Date Molasses and Tahini (120g),خبز بلدي بدبس التمر والطحينة (120 جرام),350,6,15,50,Baladi bread (100g) with a spread of date molasses (1 tbsp) and tahini (1 tbsp).,خبز بلدي (100 جرام) مع دهن من دبس التمر (1 ملعقة كبيرة) والطحينة (1 ملعقة كبيرة).,egyptian,120g serving,120 جرام للوجبة,No additional bread,لا خبز إضافي,"vegan,vegetarian,low-protein,moderate-fat,high-carb,breakfast,egyptian",,,breakfast,,,,
Eggs with Sujuk (320g),بيض بالسجق (320 جرام),380,28,28,6,Scrambled eggs (2 large) with sujuk sausage (50g).,بيض مخفوق (2 كبير) مع سجق (نقانق حارة - 50 جرام).,egyptian,320g serving,320 جرام للوجبة,No bread suggested,لا يقترح خبز,"high-protein,high-fat,low-carb,breakfast,egyptian",,,breakfast,,,,
Mediterranean Omelette with Halloumi (1 Omelette),أومليت متوسطي بالحلوم (1 أومليت),350,25,25,10,"Omelette (2 eggs) filled with halloumi cheese (40g), spinach, olives, and sun-dried tomatoes.",أومليت (2 بيضة) محشو بجبنة حلوم (40 جرام) والسبانخ والزيتون والطماطم المجففة بالشمس.,egyptian/mediterranean,1 Omelette serving,1 وجبة أومليت,No bread suggested,لا يقترح خبز,"vegetarian,high-protein,moderate-fat,low-carb,breakfast,mediterranean",,,breakfast,,,,
Hard-Boiled Eggs with Feta and Olives (2 eggs + 30g feta + 10 olives),بيض مسلوق بالفيتا والزيتون (2 بيضة + 30 جرام فيتا + 10 زيتون),250,14,18,3,Two hard-boiled eggs served with feta cheese (30g) and olives (10 olives).,بيضتان مسلوقتان تقدم مع جبنة فيتا (30 جرام) وزيتون (10 زيتون).,egyptian/mediterranean,2 eggs + feta + olives,2 بيضة + فيتا + زيتون,No bread suggested,لا يقترح خبز,"high-protein,high-fat,low-carb,breakfast,mediterranean",,,breakfast,,,,
Pancakes with Dates and Tahini (2 pancakes),بان كيك بالتمر والطحينة (2 بان كيك),450,8,20,60,Pancakes (2 medium) topped with date paste (30g) and tahini (1 tbsp).,بان كيك (2 متوسط) مغطاة بمعجون التمر (30 جرام) والطحينة (1 ملعقة كبيرة).,egyptian/american,2 pancakes + toppings,2 بان كيك + الإضافات,No bread suggested,لا يقترح خبز,"vegan,vegetarian,moderate-protein,moderate-fat,high-carb,breakfast,egyptian",,,breakfast,,,,
Breakfast Pizza with Baladi Bread Base (1 slice),بيتزا إفطار بقاعدة خبز بلدي (1 شريحة),300,12,10,40,"Baladi bread slice (approx. 70g) topped with tomato sauce, mozzarella, eggs (1 scrambled), and vegetables.",شريحة خبز بلدي (حوالي 70 جرام) مغطاة بصلصة الطماطم والموزاريلا والبيض (1 مخفوق) والخضروات.,egyptian/italian,1 slice pizza,1 شريحة بيتزا,Already includes bread (Baladi bread),يحتوي بالفعل على خبز (خبز بلدي),"vegetarian,moderate-protein,moderate-fat,moderate-carb,breakfast,egyptian,italian",,,breakfast,,,,
Breakfast Tacos with Ful and Taameya (2 tacos),تاكو إفطار بالفول والطعمية (2 تاكو),450,15,18,50,Two small whole wheat tortillas filled with ful medames (80g) and taameya (1 piece).,اثنان من خبز التورتيلا القمح الكامل الصغير محشوة بالفول المدمس (80 جرام) والطعمية (1 قطعة).,egyptian/mexican,2 tacos serving,2 وجبة تاكو,No bread suggested,لا يقترح خبز,"vegan,vegetarian,moderate-protein,moderate-fat,moderate-carb,breakfast,egyptian,mexican",,,breakfast,,,,
Breakfast Crepes with Halawa and Banana (2 crepes),كريب إفطار بحلاوة وموز (2 كريب),400,10,18,50,Two whole wheat crepes filled with halawa (30g) and sliced banana (50g).,اثنان من الكريب القمح الكامل محشوة بحلاوة طحينية (30 جرام) وموز مقطع (50 جرام).,egyptian/french,2 crepes serving,2 وجبة كريب,No bread suggested,لا يقترح خبز,"vegetarian,moderate-protein,moderate-fat,moderate-carb,breakfast,egyptian,french",,,breakfast,,,,
Breakfast Empanadas with Cheese and Olives (2 empanadas),إمباناداس إفطار بالجبن والزيتون (2 إمباناداس),400,15,22,35,"Two whole wheat empanadas filled with cheese (30g), olives (20g), and vegetables (onions, peppers). Baked or air-fried.","اثنان من الإمباناداس القمح الكامل محشوة بالجبن (30 جرام) والزيتون (20 جرام) والخضروات (بصل، فلفل). مخبوزة أو مقلية بالهواء.",latin_american/mediterranean,2 empanadas serving,2 وجبة إمباناداس,No bread suggested,لا يقترح خبز,"vegetarian,moderate-protein,moderate-fat,moderate-carb,breakfast,latin_american,mediterranean",,,breakfast,,,,
Breakfast Quiche with Feta and Spinach (1 slice),كيش إفطار بالفيتا والسبانخ (1 شريحة),380,18,28,12,"Quiche slice with egg custard, feta cheese (40g), and spinach (80g). Whole wheat crust.",شريحة كيش بكاسترد البيض وجبن فيتا (40 جرام) وسبانخ (80 جرام). قشرة قمح كامل.,french/mediterranean,1 slice quiche,1 شريحة كيش,No bread suggested,لا يقترح خبز,"vegetarian,moderate-protein,high-fat,moderate-carb,breakfast,french,mediterranean",,,breakfast,,,,
Breakfast Strata with Vegetables and Cheese (1 slice),ستراتا إفطار بالخضروات والجبن (1 شريحة),350,15,20,30,"Slice of breakfast strata with whole wheat bread, eggs, cheese (30g), and mixed vegetables (peppers, zucchini, onions).","شريحة من ستراتا الإفطار بالخبز القمح الكامل والبيض والجبن (30 جرام) والخضروات المشكلة (فلفل، كوسة، بصل).",american,1 slice strata,1 شريحة ستراتا,No bread suggested,لا يقترح خبز,"vegetarian,moderate-protein,moderate-fat,moderate-carb,breakfast,casserole",,,breakfast,,,,
Breakfast Bowls with Ful and Taameya (400g),أوعية إفطار بالفول والطعمية (400 جرام),350,15,15,45,"Breakfast bowl with ful medames (200g), taameya (2 pieces), and pickled vegetables (50g).",وعاء إفطار بالفول المدمس (200 جرام) والطعمية (2 قطعة) والخضروات المخللة (50 جرام).,egyptian,400g bowl,400 جرام للوجبة,No bread suggested,لا يقترح خبز,"vegan,vegetarian,moderate-protein,moderate-fat,moderate-carb,breakfast,egyptian,bowl",,,breakfast,,,,
Breakfast Hash with Lamb and Potatoes (380g),هاش إفطار بلحم الضأن والبطاطس (380 جرام),380,30,20,30,"Breakfast hash with diced lamb (100g), potatoes (150g), onions, and herbs. Sautéed until browned.",هاش إفطار بلحم الضأن المقطع (100 جرام) والبطاطس (150 جرام) والبصل والأعشاب. مقلي حتى يصبح لونها بنياً.,american,380g serving,380 جرام للوجبة,No bread suggested,لا يقترح خبز,"high-protein,moderate-fat,moderate-carb,breakfast,hash",,,breakfast,,,,
Breakfast Skillet with Sausage and Sweet Potatoes (420g),مقلاة إفطار بالنقانق والبطاطا الحلوة (420 جرام),480,25,30,35,"Breakfast skillet with sausage (80g), diced sweet potatoes (150g), onions, peppers, and spices.",مقلاة إفطار بالنقانق (80 جرام) والبطاطا الحلوة المقطعة (150 جرام) والبصل والفلفل والتوابل.,american,420g skillet,420 جرام مقلاة,No bread suggested,لا يقترح خبز,"moderate-protein,high-fat,moderate-carb,breakfast,skillet",,,breakfast,,,,
Breakfast Casserole with Spinach and Feta (1 cup),طاجن إفطار بالسبانخ والفيتا (1 كوب),400,20,30,15,"Breakfast casserole (1 cup) with eggs, spinach (100g), feta cheese (40g), and bread cubes. Baked until golden.",طاجن إفطار (1 كوب) بالبيض والسبانخ (100 جرام) وجبن فيتا (40 جرام) ومكعبات الخبز. مخبوز حتى يصبح لونها ذهبياً.,american/mediterranean,1 cup casserole,1 كوب طاجن,No bread suggested,لا يقترح خبز,"vegetarian,moderate-protein,high-fat,moderate-carb,breakfast,casserole,mediterranean",,,breakfast,,,,
Breakfast Muffins (Vegetable and Cheese - 2 muffins),مافن إفطار (خضروات وجبن - 2 مافن),320,15,18,25,"Savory breakfast muffins (2 muffins) with whole wheat flour, eggs, cheese (20g), and mixed vegetables (zucchini, carrots, peppers).","مافن إفطار مالح (2 مافن) بدقيق القمح الكامل والبيض والجبن (20 جرام) والخضروات المشكلة (كوسة، جزر، فلفل).",american,2 muffins,2 مافن,No bread suggested,لا يقترح خبز,"vegetarian,moderate-protein,moderate-fat,moderate-carb,breakfast,muffin",,,breakfast,,,,
Breakfast Scones (Date and Nut - 1 scone),سكون إفطار (تمر ومكسرات - 1 سكون),350,7,17,40,"Date and nut breakfast scone (1 scone) with whole wheat flour, dates (chopped), and nuts (walnuts, pecans).","سكون إفطار بالتمر والمكسرات (1 سكون) بدقيق القمح الكامل والتمر (مفروم) والمكسرات (جوز، بيكان).",british/american/middle_eastern,1 scone,1 سكون,No bread suggested,لا يقترح خبز,"vegetarian,moderate-protein,moderate-fat,moderate-carb,breakfast,scone",,,breakfast,,,,
Breakfast Biscuits with Honey Butter (2 biscuits),بسكويت إفطار بزبده العسل (2 بسكويت),400,9,20,45,Two breakfast biscuits served with honey butter (1 tbsp honey mixed with 1 tbsp butter).,اثنان من بسكويت الإفطار يقدم مع زبدة العسل (1 ملعقة كبيرة عسل ممزوجة بـ 1 ملعقة كبيرة زبدة).,american,2 biscuits + honey butter,2 بسكويت + زبدة العسل,No bread suggested,لا يقترح خبز,"vegetarian,moderate-protein,high-fat,moderate-carb,breakfast,biscuit",,,breakfast,,,,
Breakfast Rolls with Jam and Cheese (1 roll),لفائف إفطار بالمربى والجبن (1 لفة),350,6,15,45,Breakfast roll (1 roll) with a spread of jam (2 tbsp) and cheese (20g cream cheese).,لفة إفطار (1 لفة) مع دهن من المربى (2 ملعقة كبيرة) والجبن (20 جرام جبن كريمي).,american,1 roll,1 لفة,No bread suggested,لا يقترح خبز,"vegetarian,low-protein,moderate-fat,high-carb,breakfast,roll,sweet",,,breakfast,,,,
Breakfast Danish with Apple Filling (1 pastry),دانماركي إفطار بحشوة التفاح (1 معجنات),450,5,22,55,Breakfast danish pastry (1 pastry) with apple filling and glaze.,معجنات دانماركية للإفطار (1 معجنات) بحشوة التفاح والطلاء.,danish,1 pastry,1 معجنات,No bread suggested,لا يقترح خبز,"vegetarian,low-protein,high-fat,high-carb,breakfast,danish",,,breakfast,,,,
Breakfast Croissant with Almond Paste (1 croissant),كرواسون إفطار بعجينة اللوز (1 كرواسون),420,8,22,45,Croissant (1 croissant) filled with almond paste and topped with sliced almonds.,كرواسون (1 كرواسون) محشو بعجينة اللوز ومغطى باللوز المقطع.,french,1 croissant,1 كرواسون,No bread suggested,لا يقترح خبز,"vegetarian,low-protein,high-fat,high-carb,breakfast,croissant,french",,,breakfast,,,,
Breakfast Samosas with Vegetables and Paneer (2 samosas),سمبوسة إفطار بالخضروات والبانير (2 سمبوسة),400,12,20,35,Two baked or air-fried breakfast samosas filled with vegetables and paneer cheese.,اثنان من سمبوسة الإفطار المخبوزة أو المقلية بالهواء محشوة بالخضروات وجبن البانير.,indian,2 samosas,2 سمبوسة,No bread suggested,لا يقترح خبز,"vegetarian,moderate-protein,moderate-fat,moderate-carb,breakfast,indian",,,breakfast,,,,
Breakfast Spring Rolls with Tofu and Peanut Sauce (2 rolls),لفائف الربيع للإفطار بالتوفو وصلصة الفول السوداني (2 لفافة),350,10,18,30,"Two fresh breakfast spring rolls filled with vegetables, tofu, and herbs. Served with peanut sauce (2 tbsp).",اثنان من لفائف الربيع الطازجة للإفطار محشوة بالخضروات والتوفو والأعشاب. تقدم مع صلصة الفول السوداني (2 ملعقة كبيرة).,vietnamese,2 spring rolls,2 لفافة ربيع,No bread suggested,لا يقترح خبز,"vegan,vegetarian,moderate-protein,moderate-fat,moderate-carb,breakfast,vietnamese",,,breakfast,,,,
Breakfast Dumplings (Fried - 4 dumplings),زلابية إفطار (مقلية - 4 زلابية),400,10,20,40,Four fried breakfast dumplings filled with vegetables and pork. Served with sweet chili sauce.,أربعة زلابية إفطار مقلية محشوة بالخضروات ولحم الخنزير. تقدم مع صلصة الفلفل الحلو.,asian,4 dumplings,4 زلابية,No bread suggested,لا يقترح خبز,"moderate-protein,moderate-fat,moderate-carb,breakfast,asian",,,breakfast,,,,
Breakfast Congee (Shrimp - 1 bowl),كونجي إفطار (جمبري - 1 وعاء),280,16,7,35,"Bowl of shrimp congee (rice porridge) with shrimp, ginger, and green onions.",وعاء من كونجي الجمبري (عصيدة الأرز) بالجمبري والزنجبيل والبصل الأخضر.,asian,1 bowl congee,1 وعاء كونجي,No bread suggested,لا يقترح خبز,"moderate-protein,low-fat,moderate-carb,breakfast,asian,soup",,,breakfast,,,,
Breakfast Miso Soup (with Mushrooms and Seaweed - 1 bowl),حساء ميسو للإفطار (بالفطر والأعشاب البحرية - 1 وعاء),150,7,6,10,"Bowl of miso soup with mushrooms, tofu, and seaweed.",وعاء من حساء ميسو بالفطر والتوفو والأعشاب البحرية.,japanese,1 bowl miso soup,1 وعاء حساء ميسو,No bread suggested,لا يقترح خبز,"vegan,vegetarian,moderate-protein,low-fat,moderate-carb,breakfast,japanese,soup",,,breakfast,,,,
Breakfast Noodle Soup (Vegetable - 1 bowl),حساء نودلز للإفطار (خضروات - 1 وعاء),350,10,8,60,"Bowl of vegetable noodle soup with whole wheat noodles and mixed vegetables (carrots, bok choy, mushrooms).","وعاء من حساء نودلز الخضروات بنودلز القمح الكامل وخضروات مشكلة (جزر، بوك تشوي، فطر).",asian,1 bowl noodle soup,1 وعاء حساء نودلز,No bread suggested,لا يقترح خبز,"vegan,vegetarian,moderate-protein,low-fat,high-carb,breakfast,asian,soup",,,breakfast,,,,
Breakfast Fried Rice (Shrimp - 1 cup),أرز مقلي للإفطار (جمبري - 1 كوب),400,12,15,50,"Cup of shrimp fried rice with shrimp (50g), mixed vegetables, and egg.",كوب من الأرز المقلي بالجمبري مع الجمبري (50 جرام) وخضروات مشكلة وبيض.,asian,1 cup fried rice,1 كوب أرز مقلي,No bread suggested,لا يقترح خبز,"moderate-protein,moderate-fat,moderate-carb,breakfast,asian",,,breakfast,,,,
Breakfast Stir-Fry (Beef and Broccoli - 1 cup),إفطار سوتيه (لحم بقري وبروكلي - 1 كوب),350,20,18,20,Cup of beef and broccoli stir-fry with beef strips (80g) and broccoli florets.,كوب من سوتيه اللحم البقري والبروكلي بشرائح اللحم البقري (80 جرام) وزهرات البروكلي.,asian,1 cup stir-fry,1 كوب سوتيه,No bread suggested,لا يقترح خبز,"moderate-protein,moderate-fat,moderate-carb,breakfast,asian,stir-fry",,,breakfast,,,,
Breakfast Curry (Paneer - 1 cup),كاري إفطار (بانير - 1 كوب),380,12,20,30,Cup of paneer curry with paneer cheese cubes (80g) in a mild tomato based curry sauce.,كوب من كاري البانير بمكعبات جبنة البانير (80 جرام) في صلصة كاري خفيفة تعتمد على الطماطم.,indian,1 cup curry,1 كوب كاري,No bread suggested,لا يقترح خبز,"vegetarian,moderate-protein,moderate-fat,moderate-carb,breakfast,indian,curry",,,breakfast,,,,
Breakfast Dosa (Rava Dosa - 1 dosa),دوسة إفطار (رافا دوسة - 1 دوسة),300,7,10,45,One rava dosa (South Indian crepe made from semolina - approx. 90g).,رافا دوسة واحدة (كريب جنوب هندي مصنوع من السميد - حوالي 90 جرام).,indian,1 rava dosa,1 رافا دوسة,No bread suggested,لا يقترح خبز,"vegan,vegetarian,moderate-protein,low-fat,high-carb,breakfast,indian",,,breakfast,,,,
Breakfast Idli Vada (2 idlis + 1 vada),إدلي فادا إفطار (2 إدلي + 1 فادا),350,7,15,40,Two idlis served with one vada (South Indian savory lentil donut).,اثنان إدلي يقدم مع واحد فادا (دونات عدس مالح من جنوب الهند).,indian,2 idlis + 1 vada,2 إدلي + 1 فادا,No bread suggested,لا يقترح خبز,"vegan,vegetarian,moderate-protein,moderate-fat,moderate-carb,breakfast,indian",,,breakfast,,,,
Breakfast Upma with Semolina and Vegetables (1 cup),أوبما إفطار بالسميد والخضروات (1 كوب),250,6,6,40,"Cup of upma made with semolina, vegetables, and spices.",كوب من أوبما مصنوع من السميد والخضروات والتوابل.,indian,1 cup upma,1 كوب أوبما,No bread suggested,لا يقترح خبز,"vegan,vegetarian,moderate-protein,low-fat,high-carb,breakfast,indian",,,breakfast,,,,
Breakfast Poha with Vegetables and Spices (1 cup),بوها إفطار بالخضروات والتوابل (1 كوب),230,4,4,45,"Cup of poha with vegetables, spices, and herbs.",كوب من بوها بالخضروات والتوابل والأعشاب.,indian,1 cup poha,1 كوب بوها,No bread suggested,لا يقترح خبز,"vegan,vegetarian,moderate-protein,low-fat,high-carb,breakfast,indian",,,breakfast,,,,
Breakfast Paratha with Butter (1 paratha + 1 tbsp butter),باراثا إفطار بالزبدة (1 باراثا + 1 ملعقة كبيرة زبدة),450,8,25,45,One paratha cooked with butter (1 tbsp) for richer flavor.,باراثا واحد مطبوخ بالزبدة (1 ملعقة كبيرة) لنكهة أغنى.,indian,1 paratha + 1 tbsp butter,1 باراثا + 1 ملعقة كبيرة زبدة,No bread suggested,لا يقترح خبز,"vegetarian,moderate-protein,high-fat,moderate-carb,breakfast,indian",,,breakfast,,,,
Breakfast Roti with Egg Bhurji (2 rotis + 1/2 cup egg bhurji),روتي إفطار ببهورجي البيض (2 روتي + نصف كوب بهورجي البيض),400,20,15,40,Two rotis served with half cup of egg bhurji (Indian scrambled eggs).,اثنان من روتي يقدم مع نصف كوب من بهورجي البيض (بيض مخفوق هندي).,indian,2 rotis + 1/2 cup egg bhurji,2 روتي + نصف كوب بهورجي البيض,Already includes bread (roti),يحتوي بالفعل على خبز (روتي),"moderate-protein,moderate-fat,moderate-carb,breakfast,indian",,,breakfast,,,,
Breakfast Chapati with Palak Paneer (2 chapatis + 1/2 cup palak paneer),تشاباتي إفطار ببالاك بانير (2 تشاباتي + نصف كوب بالاك بانير),450,12,20,40,Two chapatis served with half cup of palak paneer (spinach and paneer curry).,اثنان من تشاباتي يقدم مع نصف كوب من بالاك بانير (كاري السبانخ والبانير).,indian,2 chapatis + 1/2 cup palak paneer,2 تشاباتي + نصف كوب بالاك بانير,Already includes bread (chapati),يحتوي بالفعل على خبز (تشاباتي),"vegetarian,moderate-protein,moderate-fat,moderate-carb,breakfast,indian",,,breakfast,,,,
Breakfast Aloo Paratha with Raita (1 aloo paratha + 1/2 cup raita),الو باراثا إفطار بالرايتا (1 الو باراثا + نصف كوب رايتا),480,11,20,55,One aloo paratha served with half cup of raita (mint raita).,الو باراثا واحد يقدم مع نصف كوب من الرايتا (رايتا النعناع).,indian,1 aloo paratha + 1/2 cup raita,1 الو باراثا + نصف كوب رايتا,No bread suggested,لا يقترح خبز,"vegetarian,moderate-protein,moderate-fat,high-carb,breakfast,indian",,,breakfast,,,,
Breakfast Paneer Paratha with Pickle (1 paneer paratha + pickle),بانير باراثا إفطار بالمخلل (1 بانير باراثا + مخلل),450,12,20,45,One paneer paratha served with a side of Indian pickle.,بانير باراثا واحد يقدم مع طبق جانبي من المخلل الهندي.,indian,1 paneer paratha + pickle,1 بانير باراثا + مخلل,No bread suggested,لا يقترح خبز,"vegetarian,moderate-protein,moderate-fat,moderate-carb,breakfast,indian",,,breakfast,,,,
Breakfast Egg Curry with Rice (1 cup curry + 1 cup rice),كاري البيض للإفطار مع أرز (1 كوب كاري + 1 كوب أرز),500,20,20,55,Cup of egg curry served with one cup of cooked rice.,كوب من كاري البيض يقدم مع كوب واحد من الأرز المطبوخ.,indian,1 cup curry + 1 cup rice,1 كوب كاري + 1 كوب أرز,Already includes rice,يحتوي بالفعل على أرز,moderate-protein,moderate-fat,moderate-carb,breakfast,indian,"curry""",,
Breakfast Chana Masala with Roti (1 cup chana masala + 2 rotis),تشانا ماسالا إفطار مع روتي (1 كوب تشانا ماسالا + 2 روتي),450,12,10,65,Cup of chana masala served with two rotis.,كوب من تشانا ماسالا يقدم مع اثنين من روتي.,indian,1 cup chana masala + 2 rotis,1 كوب تشانا ماسالا + 2 روتي,Already includes bread (roti),يحتوي بالفعل على خبز (روتي),"vegan,vegetarian,moderate-protein,low-fat,high-carb,breakfast,indian,curry",,,breakfast,,,,
Breakfast Dal Makhani with Naan (1/2 cup dal makhani + 1 naan),دال مخاني إفطار مع نان (نصف كوب دال مخاني + 1 نان),550,14,30,55,Half cup of dal makhani served with one naan bread.,نصف كوب من دال مخاني يقدم مع خبز نان واحد.,indian,1/2 cup dal makhani + 1 naan,نصف كوب دال مخاني + 1 نان,Already includes bread (naan),يحتوي بالفعل على خبز (نان),vegetarian,moderate-protein,high-fat,high-carb,breakfast,"indian""",,
