name_english,name_arabic,calories,protein (g),fat (g),carbohydrates (g),recipe_english,recipe_arabic,food_type,serving_size_english,serving_size_arabic,bread_suggestion_english,bread_suggestion_arabic,tags,meal
Koshari (Upgraded - 400g),كشري مطور (400 جرام),500,20,12,80,"Upgraded Koshari: Rice, brown lentils, whole wheat pasta, chickpeas, crispy onions, and a spicy tomato-vinegar sauce.","كشري مطور: أرز، عدس بني، مكرونة قمح كامل، حمص، بصل مقلي مقرمش، وصلصة طماطم وخل حارة.",egyptian,400g serving,400 جرام للوجبة,No bread suggested,لا يقترح خبز,"vegetarian,vegan,high-carb,moderate-protein,low-fat,lunch,fiber-rich",lunch
Macarona Bechamel (Reduced Fat - 350g),مكرونة بشاميل (قليل الدسم - 350 جرام),480,35,20,50,"Reduced-fat Macarona Bechamel: Whole wheat pasta, lean minced beef, light béchamel sauce made with skim milk and less butter.","مكرونة بشاميل قليلة الدسم: مكرونة قمح كامل، لحم بقري مفروم قليل الدهن، بشاميل خفيف مصنوع من الحليب الخالي من الدسم وقليل من الزبدة.",egyptian,350g serving,350 جرام للوجبة,No bread suggested,لا يقترح خبز,"high-carb,high-protein,moderate-fat,lunch,lighter",lunch
Stuffed Grape Leaves (Meat - 6 pieces),محشي ورق عنب (لحم - 6 قطع),380,17,14,50,"Stuffed Grape Leaves (6 pieces - approx. 200g): Grape leaves stuffed with rice, ground lamb, herbs, and spices. Cooked in a lemon-tomato broth.",محشي ورق عنب (6 قطع - حوالي 200 جرام): ورق عنب محشو بالأرز ولحم الضأن المفروم والأعشاب والتوابل. مطبوخ في مرق الليمون والطماطم.,egyptian,6 pieces (approx. 200g),6 قطع (حوالي 200 جرام),No bread suggested,لا يقترح خبز,"high-carb,moderate-protein,moderate-fat,lunch,traditional",lunch
Fatta (Chicken - 350g),فتة (دجاج - 350 جرام),420,25,18,48,"Chicken Fatta: Toasted baladi bread, layered with rice, shredded chicken, and a garlic-yogurt sauce. Topped with toasted nuts.","فتة دجاج: خبز بلدي محمص، طبقات من الأرز، دجاج مبشور، وصلصة زبادي بالثوم. مغطاة بالمكسرات المحمصة.",egyptian,350g serving,350 جرام للوجبة,Already includes bread (Baladi bread),يحتوي بالفعل على خبز (خبز بلدي),"high-carb,moderate-protein,moderate-fat,lunch,traditional",lunch
Grilled Kofta and Kebabs (2 skewers each),كباب وكفتة مشوية (2 سيخ لكل نوع),520,50,28,25,Grilled Kofta (2 skewers - approx. 150g) and Kebabs (2 skewers - approx. 150g). Served with 100g brown rice and 100g grilled vegetables.,كفتة مشوية (2 سيخ - حوالي 150 جرام) وكباب (2 سيخ - حوالي 150 جرام). يقدم مع 100 جرام أرز بني و 100 جرام خضروات مشوية.,egyptian,4 skewers (approx. 400g total) + rice & veggies,4 أسياخ (حوالي 400 جرام إجمالي) + أرز وخضروات,No bread suggested (rice included),لا يقترح خبز (الأرز مشمول),"high-protein,moderate-fat,moderate-carb,lunch,grilled",lunch
Molokhia with Chicken (300ml),ملوخية بالدجاج (300 مل),400,38,17,28,Molokhia Soup with Chicken (300ml): Molokhia leaves cooked in chicken broth with garlic and coriander. Served with 100g brown rice.,شوربة ملوخية بالدجاج (300 مل): أوراق الملوخية المطبوخة في مرقة دجاج بالثوم والكزبرة. يقدم مع 100 جرام أرز بني.,egyptian,300ml soup + 100g rice,300 مل شوربة + 100 جرام أرز,No bread suggested (rice included),لا يقترح خبز (الأرز مشمول),"high-protein,moderate-fat,moderate-carb,lunch,soup",lunch
Fish Tagine (Sayadia Style - 350g),طاجن سمك (صيادية - 350 جرام),420,33,20,35,"Sayadia Fish Tagine (350g): Baked white fish fillet with vegetables (tomatoes, onions, peppers) and Sayadia spice blend. Served with 100g couscous.","طاجن سمك صيادية (350 جرام): شريحة سمك أبيض مخبوزة مع الخضروات (طماطم، بصل، فلفل) وتوابل الصيادية. يقدم مع 100 جرام كسكس.",egyptian,350g tagine + 100g couscous,350 جرام طاجن + 100 جرام كسكس,No bread suggested (couscous included),لا يقترح خبز (الكسكس مشمول),"high-protein,moderate-fat,moderate-carb,lunch,tagine",lunch
Chicken Shawarma Plate (No Pita - 300g),طبق شاورما دجاج (بدون بيتا - 300 جرام),450,40,25,25,Chicken Shawarma Plate (300g): Marinated and grilled chicken shawarma slices served over a bed of mixed greens with tahini sauce on the side.,طبق شاورما دجاج (300 جرام): شرائح شاورما دجاج متبلة ومشوية تقدم فوق طبقة من الخضروات المشكلة مع صلصة طحينة على الجانب.,egyptian,300g plate serving,300 جرام للوجبة,No bread suggested (plate style),لا يقترح خبز (طبق بدون خبز),"high-protein,moderate-fat,low-carb,lunch,shawarma",lunch
Lentil Soup (Egyptian - 300ml),شوربة عدس (مصرية - 300 مل),300,20,6,45,"Egyptian Lentil Soup (300ml): Red lentils cooked with vegetables (carrots, potatoes, onions), cumin, and lemon. Served with 50g baladi bread (1/4 loaf).","شوربة عدس مصرية (300 مل): عدس أحمر مطبوخ مع الخضروات (جزر، بطاطس، بصل)، كمون، وليمون. يقدم مع 50 جرام خبز بلدي (ربع رغيف).",egyptian,300ml soup + bread,300 مل شوربة + خبز,50g Baladi bread (1/4 loaf),50 جرام خبز بلدي (ربع رغيف),"vegetarian,vegan,high-protein,high-carb,low-fat,lunch,soup",lunch
Vegetable Stew with Chickpeas (350g),يخنة خضار بالحمص (350 جرام),280,12,9,40,"Vegetable Stew with Chickpeas (350g): Mixed vegetables (zucchini, carrots, potatoes, peas) and chickpeas in a tomato-based broth with Egyptian spices.","يخنة خضار بالحمص (350 جرام): خضروات مشكلة (كوسة، جزر، بطاطس، بازلاء) وحمص في مرق الطماطم مع التوابل المصرية.",egyptian,350g serving,350 جرام للوجبة,No bread suggested,لا يقترح خبز,"vegetarian,vegan,moderate-protein,moderate-fat,high-carb,lunch,stew",lunch
Grilled Chicken Caesar Salad,سلطة سيزر بالدجاج المشوي,400,45,20,20,"Grilled Chicken Caesar Salad (400g): Grilled chicken breast (150g) over romaine lettuce with Caesar dressing (30ml), parmesan cheese (15g), and whole wheat croutons (30g).",سلطة سيزر بالدجاج المشوي (400 جرام): صدر دجاج مشوي (150 جرام) فوق خس روماني مع صلصة سيزر (30 مل) وجبن بارميزان (15 جرام) وخبز محمص قمح كامل (30 جرام).,american,400g salad,400 جرام سلطة,No additional bread (croutons included),لا خبز إضافي (الخبز المحمص مشمول),"high-protein,moderate-fat,low-carb,lunch,salad,american",american
Turkey and Avocado Wrap (Whole Wheat),راب الديك الرومي والأفوكادو (قمح كامل),450,32,20,38,"Turkey and Avocado Wrap (1 wrap): Sliced turkey (100g), avocado (50g), lettuce, tomato, and light mayo in a whole-wheat wrap (1 large tortilla).","راب الديك الرومي والأفوكادو (1 راب): شرائح ديك رومي (100 جرام)، أفوكادو (50 جرام)، خس، طماطم، ومايونيز خفيف في راب من القمح الكامل (1 تورتيلا كبيرة).",american,1 wrap serving,1 وجبة راب,Already includes bread (wrap),يحتوي بالفعل على خبز (راب),"high-protein,moderate-fat,moderate-carb,lunch,wrap,american",american
Salmon with Roasted Vegetables,سلمون مع خضروات مشوية,500,38,28,33,"Salmon with Roasted Vegetables (350g): Baked salmon fillet (150g) with roasted broccoli (80g), carrots (50g), and bell peppers (70g).",سلمون مع خضروات مشوية (350 جرام): شريحة سلمون مخبوزة (150 جرام) مع بروكلي مشوي (80 جرام) وجزر مشوي (50 جرام) وفلفل رومي مشوي (70 جرام).,american,350g serving,350 جرام للوجبة,No bread suggested,لا يقترح خبز,"high-protein,high-fat,moderate-carb,lunch,american",american
American Lentil Soup (300ml),شوربة عدس (أمريكية - 300 مل),250,18,5,35,"American Lentil Soup (300ml): Hearty lentil soup with carrots, celery, onions, and a touch of smoked paprika. Served with 1 slice (50g) whole wheat bread (optional).",شوربة عدس أمريكية (300 مل): شوربة عدس دسمة مع جزر وكرفس وبصل ولمسة من البابريكا المدخنة. تقدم مع شريحة واحدة (50 جرام) خبز القمح الكامل (اختياري).,american,300ml soup + optional bread,300 مل شوربة + خبز اختياري,50g whole wheat bread (1 slice - optional),50 جرام خبز القمح الكامل (1 شريحة - اختياري),"vegan,vegetarian,high-protein,low-fat,high-carb,lunch,soup,american",american
Quinoa Salad with Black Beans and Corn,سلطة الكينوا مع الفاصوليا السوداء والذرة,400,17,12,65,"Quinoa Salad (350g): Quinoa (150g cooked), black beans (80g), corn (50g), bell peppers (50g), red onion, cilantro, and a lime-cumin dressing.","سلطة الكينوا (350 جرام): كينوا (150 جرام مطبوخة)، فاصوليا سوداء (80 جرام)، ذرة (50 جرام)، فلفل رومي (50 جرام)، بصل أحمر، كزبرة، وصلصة ليمون وكمون.",american,350g salad,350 جرام سلطة,No bread suggested,لا يقترح خبز,"vegan,vegetarian,high-protein,high-carb,moderate-fat,lunch,salad,american",american
Tofu Stir-fry with Brown Rice,توفو مقلي مع أرز بني,350,22,14,40,"Tofu Stir-fry (400g): Tofu (100g) stir-fried with mixed vegetables (broccoli, snap peas, carrots - 200g total) and a light soy-ginger sauce. Served with 100g brown rice.","توفو مقلي (400 جرام): توفو (100 جرام) مقلي مع خضروات مشكلة (بروكلي، بازلاء الثلج، جزر - 200 جرام إجمالي) وصلصة صويا وزنجبيل خفيفة. يقدم مع 100 جرام أرز بني.",american,400g stir-fry + rice,400 جرام مقلي + أرز,No bread suggested (rice included),لا يقترح خبز,"vegan,vegetarian,high-protein,moderate-fat,moderate-carb,lunch,american,stir-fry",american
Chicken and Vegetable Skewers,أسياخ دجاج وخضروات,320,38,12,18,"Chicken and Vegetable Skewers (2 skewers): Grilled chicken (120g) and vegetable skewers (peppers, onions, zucchini - 100g veggies). Marinated in herbs and lemon.","أسياخ دجاج وخضروات (2 سيخ): دجاج مشوي (120 جرام) وأسياخ خضروات (فلفل، بصل، كوسة - 100 جرام خضروات). متبلة بالأعشاب والليمون.",american,2 skewers (approx. 220g total),2 سيخ (حوالي 220 جرام إجمالي),No bread suggested,لا يقترح خبز,"high-protein,low-carb,moderate-fat,lunch,american,grilled",american
Shrimp Scampi with Zucchini Noodles,روبيان سكامبي مع نودلز الكوسة,380,33,18,22,"Shrimp Scampi with Zucchini Noodles (300g): Shrimp scampi (150g shrimp) sautéed in garlic and white wine sauce, served over zucchini noodles (150g).","روبيان سكامبي مع نودلز الكوسة (300 جرام): روبيان سكامبي (150 جرام روبيان) مقلي في الثوم وصلصة النبيذ الأبيض، يقدم فوق نودلز الكوسة (150 جرام).",american,300g serving,300 جرام للوجبة,No bread suggested,لا يقترح خبز,"high-protein,low-carb,moderate-fat,lunch,american,seafood,low-carb",american
Black Bean Burger,برجر الفاصوليا السوداء,430,22,12,60,"Black Bean Burger (1 burger): Black bean patty (1 burger - approx. 120g) on a whole wheat bun with lettuce, tomato, avocado (30g), and a light chipotle mayo.",برجر الفاصوليا السوداء (1 برجر): فطيرة الفاصوليا السوداء (1 برجر - حوالي 120 جرام) على خبز القمح الكامل مع الخس والطماطم والأفوكادو (30 جرام) ومايونيز شيبوتلي خفيف.,american,1 burger serving,1 وجبة برجر,Already includes bread (whole wheat bun),يحتوي بالفعل على خبز (خبز قمح كامل),"vegetarian,high-protein,high-carb,moderate-fat,lunch,american,burger",american
Stuffed Bell Peppers (Vegetarian),فلفل محشي (نباتي),330,14,10,50,"Stuffed Bell Peppers (2 peppers): Bell peppers (2 medium) stuffed with rice, mixed vegetables (zucchini, corn, peas), lentils, and herbs. Baked with a light tomato sauce.","فلفل محشي (2 فلفل): فلفل رومي (2 متوسط) محشو بالأرز والخضروات المشكلة (كوسة، ذرة، بازلاء) والعدس والأعشاب. مخبوز مع صلصة طماطم خفيفة.",american,2 peppers serving,2 وجبة فلفل,No bread suggested,لا يقترح خبز,"vegetarian,moderate-protein,moderate-fat,high-carb,lunch,american,vegetarian",american
Falafel Wrap (Upgraded),فلافل راب مطور,450,17,20,55,"Upgraded Falafel Wrap (1 wrap): Falafel (4 pieces), hummus (2 tbsp), tahini sauce (1 tbsp), chopped cucumber, tomato, parsley, and pickled turnips in a whole wheat wrap.","فلافل راب مطور (1 راب): فلافل (4 قطع)، حمص (2 ملعقة كبيرة)، صلصة طحينة (1 ملعقة كبيرة)، خيار مفروم، طماطم، بقدونس، ولفت مخلل في راب من القمح الكامل.",american,1 wrap serving,1 وجبة راب,Already includes bread (wrap),يحتوي بالفعل على خبز (راب),"vegetarian,vegan,moderate-protein,moderate-fat,high-carb,lunch,wrap,american",american
Chicken Fajita Bowl,وعاء فاهيتا دجاج,420,35,15,40,"Chicken Fajita Bowl (350g): Grilled chicken strips (150g) with sautéed bell peppers and onions (150g), served over brown rice (50g). Topped with salsa and a dollop of Greek yogurt.","وعاء فاهيتا دجاج (350 جرام): شرائح دجاج مشوية (150 جرام) مع فلفل رومي وبصل مقلي (150 جرام)، يقدم فوق أرز بني (50 جرام). مغطى بالصلصة وملعقة كبيرة من الزبادي اليوناني.",american,350g bowl,350 جرام للوعاء,No bread suggested (rice included),لا يقترح خبز (الأرز مشمول),"high-protein,moderate-fat,moderate-carb,lunch,american,bowl",american
Tuna Salad Sandwich (Whole Wheat),ساندويتش سلطة التونة (قمح كامل),380,25,16,30,"Tuna Salad Sandwich (1 sandwich): Tuna salad (120g tuna mixed with light mayo, celery, onion) on whole wheat bread (2 slices). Served with lettuce and tomato.",ساندويتش سلطة التونة (1 ساندويتش): سلطة التونة (120 جرام تونة مخلوطة بالمايونيز الخفيف والكرفس والبصل) على خبز القمح الكامل (شريحتين). يقدم مع الخس والطماطم.,american,1 sandwich serving,1 وجبة ساندويتش,Already includes bread (sandwich),يحتوي بالفعل على خبز (ساندويتش),"high-protein,moderate-fat,moderate-carb,lunch,american,sandwich",american
Grilled Chicken with Quinoa & Vegetables,دجاج مشوي مع كينوا وخضروات,450,45,10,45,Grilled chicken breast (150g) served with quinoa (150g cooked) and steamed mixed vegetables (100g).,صدر دجاج مشوي (150 جرام) يقدم مع كينوا (150 جرام مطبوخة) وخضروات مشكلة مطبوخة على البخار (100 جرام).,american,400g serving,400 جرام للوجبة,No bread suggested,لا يقترح خبز,"high-protein,low-fat,moderate-carb,lunch",american
Baked Salmon with Asparagus,سلمون مخبوز مع الهليون,400,40,18,8,Baked salmon fillet (150g) with roasted asparagus (200g) and a lemon wedge.,شريحة سلمون مخبوزة (150 جرام) مع هليون مشوي (200 جرام) وشريحة ليمون.,american,350g serving,350 جرام للوجبة,No bread suggested,لا يقترح خبز,"high-protein,high-fat,very-low-carb,lunch",american
Lentil Soup with Whole Grain Bread,شوربة عدس مع خبز الحبوب الكاملة,380,30,8,50,Hearty lentil soup (300ml) served with 2 slices of whole grain bread (70g).,شوربة عدس دسمة (300 مل) تقدم مع شريحتين من خبز الحبوب الكاملة (70 جرام).,american,370g serving,370 جرام للوجبة,Already includes bread (whole grain bread),يحتوي بالفعل على خبز (خبز الحبوب الكاملة),"high-protein,low-fat,high-carb,lunch,vegetarian",american
Chicken and Avocado Salad (High Protein),سلطة دجاج وأفوكادو (عالية البروتين),480,50,25,15,"Grilled chicken breast (150g) sliced over mixed greens with avocado (1/2 medium - 70g), tomatoes, cucumbers, and a light vinaigrette.","صدر دجاج مشوي (150 جرام) مقطع فوق الخضروات المشكلة مع أفوكادو (1/2 متوسط - 70 جرام)، طماطم، خيار، وصلصة فينيجريت خفيفة.",american,350g serving,350 جرام للوجبة,No bread suggested,لا يقترح خبز,"high-protein,high-fat,low-carb,lunch,salad",american
Beef and Broccoli Stir-fry with Brown Rice,لحم بقري وبروكلي مقلي مع أرز بني,550,40,25,45,Beef strips (150g lean beef) stir-fried with broccoli (200g) in a soy-ginger sauce. Served with 100g brown rice.,شرائح لحم بقري (150 جرام لحم بقري قليل الدهن) مقلية مع بروكلي (200 جرام) في صلصة صويا وزنجبيل. يقدم مع 100 جرام أرز بني.,american,450g serving,450 جرام للوجبة,No bread suggested (rice included),لا يقترح خبز (الأرز مشمول),"high-protein,moderate-fat,moderate-carb,lunch,stir-fry",american
Mediterranean Quinoa Bowl with Grilled Halloumi,وعاء كينوا متوسطي مع حلوم مشوي,420,25,25,35,"Quinoa (150g cooked) bowl with grilled halloumi cheese (80g), cherry tomatoes, cucumbers, olives, and a lemon-herb dressing.","وعاء كينوا (150 جرام مطبوخة) مع جبنة حلوم مشوية (80 جرام)، طماطم كرزية، خيار، زيتون، وصلصة ليمون وأعشاب.",american,350g serving,350 جرام للوجبة,No bread suggested,لا يقترح خبز,"vegetarian,high-protein,moderate-fat,moderate-carb,lunch,bowl,mediterranean",american
Chicken Souvlaki Plate (No Pita),طبق سوفلاكي دجاج (بدون بيتا),480,50,28,12,"Grilled chicken souvlaki skewers (2 skewers - 150g chicken) served with a Greek salad (150g - tomatoes, cucumbers, onions, feta, olives).","أسياخ سوفلاكي دجاج مشوية (2 سيخ - 150 جرام دجاج) تقدم مع سلطة يونانية (150 جرام - طماطم، خيار، بصل، فيتا، زيتون).",american,300g serving,300 جرام للوجبة,No bread suggested (plate style),لا يقترح خبز (طبق بدون خبز),"high-protein,moderate-fat,low-carb,lunch,greek",american
Tuna Nicoise Salad,سلطة نيسواز بالتونة,450,35,25,20,"Tuna Nicoise Salad: Canned tuna (120g in olive oil), mixed greens, hard-boiled egg (1), olives, green beans, potatoes, tomatoes, and vinaigrette.","سلطة نيسواز بالتونة: تونة معلبة (120 جرام في زيت الزيتون)، خضروات مشكلة، بيضة مسلوقة (1)، زيتون، فاصوليا خضراء، بطاطس، طماطم، وصلصة فينيجريت.",american,400g serving,400 جرام للوجبة,No bread suggested,لا يقترح خبز,"high-protein,high-fat,moderate-carb,lunch,salad,french",american
Chicken and Spinach Stuffed Sweet Potato,بطاطا حلوة محشوة بالدجاج والسبانخ,400,35,15,40,"Baked sweet potato (1 medium) stuffed with shredded chicken (100g), sautéed spinach (50g), and a sprinkle of feta cheese.","بطاطا حلوة مخبوزة (1 متوسطة) محشوة بالدجاج المفروم (100 جرام)، سبانخ مقلية (50 جرام)، ورشة جبنة فيتا.",american,300g serving,300 جرام للوجبة,No bread suggested,لا يقترح خبز,"high-protein,moderate-fat,moderate-carb,lunch",american
Shrimp and Avocado Salad (Low Carb),سلطة روبيان وأفوكادو (قليلة الكربوهيدرات),350,30,25,10,"Grilled shrimp (150g) over mixed greens with avocado (1/2 medium - 70g), cucumber, red onion, and a lemon-dill dressing.","روبيان مشوي (150 جرام) فوق الخضروات المشكلة مع أفوكادو (1/2 متوسط - 70 جرام)، خيار، بصل أحمر، وصلصة ليمون وشبت.",american,300g serving,300 جرام للوجبة,No bread suggested,لا يقترح خبز,"high-protein,high-fat,very-low-carb,lunch,salad",american
Vegetarian Chili with Cornbread (1 slice),تشيلي نباتي مع خبز الذرة (1 شريحة),420,18,15,60,"Vegetarian chili (300g - beans, tomatoes, corn, peppers, spices) served with 1 slice of cornbread (50g).","تشيلي نباتي (300 جرام - فاصوليا، طماطم، ذرة، فلفل، توابل) يقدم مع شريحة خبز الذرة (50 جرام).",american,350g serving,350 جرام للوجبة,Already includes bread (cornbread),يحتوي بالفعل على خبز (خبز الذرة),"vegetarian,moderate-protein,moderate-fat,high-carb,lunch,chili",american
Chicken Fajita Salad (No Tortilla),سلطة فاهيتا دجاج (بدون تورتيلا),380,40,15,25,"Grilled chicken fajita strips (150g) over mixed greens with sautéed bell peppers and onions (150g), salsa, and a dollop of Greek yogurt.","شرائح فاهيتا دجاج مشوية (150 جرام) فوق الخضروات المشكلة مع فلفل رومي وبصل مقلي (150 جرام)، صلصة، وملعقة كبيرة من الزبادي اليوناني.",american,350g serving,350 جرام للوجبة,No bread suggested (salad style),لا يقترح خبز (طبق سلطة),"high-protein,moderate-fat,low-carb,lunch,salad",american
Steak Salad with Blue Cheese Dressing,سلطة ستيك مع صلصة الجبن الأزرق,500,45,30,15,"Grilled steak slices (150g sirloin) over mixed greens with tomatoes, red onion, blue cheese dressing (30ml), and crumbled blue cheese (15g).","شرائح ستيك مشوية (150 جرام سيرلوين) فوق الخضروات المشكلة مع طماطم، بصل أحمر، صلصة الجبن الأزرق (30 مل)، وجبن أزرق مفتت (15 جرام).",american,350g serving,350 جرام للوجبة,No bread suggested,لا يقترح خبز,"high-protein,high-fat,low-carb,lunch,salad",american
Chicken and Black Bean Burrito Bowl (No Rice),وعاء بوريتو دجاج وفاصوليا سوداء (بدون أرز),400,40,18,25,"Grilled chicken (150g) with black beans (100g), salsa, avocado (30g), corn, and bell peppers in a bowl (no rice).","دجاج مشوي (150 جرام) مع فاصوليا سوداء (100 جرام)، صلصة، أفوكادو (30 جرام)، ذرة، وفلفل رومي في وعاء (بدون أرز).",american,350g serving,350 جرام للوجبة,No bread suggested (bowl style),لا يقترح خبز (طبق وعاء),"high-protein,moderate-fat,low-carb,lunch,bowl",american
Turkey Meatloaf with Roasted Vegetables,رغيف لحم ديك رومي مع خضروات مشوية,480,40,25,20,"Turkey meatloaf (1 slice - 150g) made with lean ground turkey and served with roasted root vegetables (200g - carrots, potatoes, parsnips).","رغيف لحم ديك رومي (1 شريحة - 150 جرام) مصنوع من لحم ديك رومي مفروم قليل الدهن ويقدم مع خضروات جذرية مشوية (200 جرام - جزر، بطاطس، جزر أبيض).",american,350g serving,350 جرام للوجبة,No bread suggested,لا يقترح خبز,"high-protein,moderate-fat,low-carb,lunch",american
Lentil and Vegetable Curry with Brown Rice,كاري العدس والخضروات مع أرز بني,400,15,10,60,"Lentil and vegetable curry (300g - lentils, mixed vegetables, coconut milk, curry spices) served with 100g brown rice.","كاري العدس والخضروات (300 جرام - عدس، خضروات مشكلة، حليب جوز الهند، توابل الكاري) يقدم مع 100 جرام أرز بني.",american,400g serving,400 جرام للوجبة,No bread suggested (rice included),لا يقترح خبز (الأرز مشمول),"vegetarian,vegan,moderate-protein,low-fat,high-carb,lunch,indian",american
Chicken and Vegetable Curry with Brown Rice,كاري دجاج وخضروات مع أرز بني,450,30,15,50,"Chicken and vegetable curry (300g - chicken, mixed vegetables, coconut milk, curry spices) served with 100g brown rice.","كاري دجاج وخضروات (300 جرام - دجاج، خضروات مشكلة، حليب جوز الهند، توابل الكاري) يقدم مع 100 جرام أرز بني.",american,400g serving,400 جرام للوجبة,No bread suggested (rice included),لا يقترح خبز (الأرز مشمول),"high-protein,moderate-fat,moderate-carb,lunch,indian",american
Shrimp Curry with Brown Rice,كاري روبيان مع أرز بني,420,28,12,55,"Shrimp curry (300g - shrimp, coconut milk, tomatoes, onions, curry spices) served with 100g brown rice.","كاري روبيان (300 جرام - روبيان، حليب جوز الهند، طماطم، بصل، توابل الكاري) يقدم مع 100 جرام أرز بني.",american,400g serving,400 جرام للوجبة,No bread suggested (rice included),لا يقترح خبز (الأرز مشمول),"high-protein,moderate-fat,moderate-carb,lunch,indian",american
Tofu and Vegetable Curry with Brown Rice,كاري توفو وخضروات مع أرز بني,380,16,10,58,"Tofu and vegetable curry (300g - tofu, mixed vegetables, coconut milk, curry spices) served with 100g brown rice.","كاري توفو وخضروات (300 جرام - توفو، خضروات مشكلة، حليب جوز الهند، توابل الكاري) يقدم مع 100 جرام أرز بني.",american,400g serving,400 جرام للوجبة,No bread suggested (rice included),لا يقترح خبز (الأرز مشمول),"vegetarian,vegan,moderate-protein,low-fat,high-carb,lunch,indian",american
Chicken Stir-fry with Noodles (Whole Wheat),دجاج مقلي مع نودلز (قمح كامل),500,35,18,55,Chicken strips (150g) stir-fried with mixed vegetables (200g) and whole wheat noodles (100g cooked) in a soy-ginger sauce.,شرائح دجاج (150 جرام) مقلية مع خضروات مشكلة (200 جرام) ونودلز قمح كامل (100 جرام مطبوخة) في صلصة صويا وزنجبيل.,american,450g serving,450 جرام للوجبة,No bread suggested (noodles included),لا يقترح خبز (النودلز مشمولة),"high-protein,moderate-fat,moderate-carb,lunch,stir-fry",american
Shrimp Stir-fry with Noodles (Whole Wheat),روبيان مقلي مع نودلز (قمح كامل),480,33,15,58,Shrimp (150g) stir-fried with mixed vegetables (200g) and whole wheat noodles (100g cooked) in a garlic-soy sauce.,روبيان (150 جرام) مقلي مع خضروات مشكلة (200 جرام) ونودلز قمح كامل (100 جرام مطبوخة) في صلصة ثوم وصويا.,american,450g serving,450 جرام للوجبة,No bread suggested (noodles included),لا يقترح خبز (النودلز مشمولة),"high-protein,moderate-fat,moderate-carb,lunch,stir-fry",american
Tofu Stir-fry with Noodles (Whole Wheat),توفو مقلي مع نودلز (قمح كامل),430,20,12,60,Tofu (120g) stir-fried with mixed vegetables (200g) and whole wheat noodles (100g cooked) in a peanut sauce.,توفو (120 جرام) مقلي مع خضروات مشكلة (200 جرام) ونودلز قمح كامل (100 جرام مطبوخة) في صلصة الفول السوداني.,american,420g serving,420 جرام للوجبة,No bread suggested (noodles included),لا يقترح خبز (النودلز مشمولة),"vegetarian,vegan,moderate-protein,moderate-fat,high-carb,lunch,stir-fry",american
Chicken and Vegetable Soup (Hearty),شوربة دجاج وخضروات (دسمة),350,30,10,35,"Hearty chicken and vegetable soup (350ml - chicken, mixed vegetables, broth).","شوربة دجاج وخضروات دسمة (350 مل - دجاج، خضروات مشكلة، مرقة).",american,350ml serving,350 مل للوجبة,No bread suggested,لا يقترح خبز,"high-protein,low-fat,moderate-carb,lunch,soup",american
Beef and Vegetable Soup (Hearty),شوربة لحم بقري وخضروات (دسمة),400,35,15,30,"Hearty beef and vegetable soup (350ml - lean beef, mixed vegetables, broth).","شوربة لحم بقري وخضروات دسمة (350 مل - لحم بقري قليل الدهن، خضروات مشكلة، مرقة).",american,350ml serving,350 مل للوجبة,No bread suggested,لا يقترح خبز,"high-protein,moderate-fat,moderate-carb,lunch,soup",american
Turkey and White Bean Chili,تشيلي ديك رومي وفاصوليا بيضاء,450,40,15,40,"Turkey and white bean chili (350g - ground turkey, white beans, tomatoes, peppers, spices).","تشيلي ديك رومي وفاصوليا بيضاء (350 جرام - ديك رومي مفروم، فاصوليا بيضاء، طماطم، فلفل، توابل).",american,350g serving,350 جرام للوجبة,No bread suggested,لا يقترح خبز,"high-protein,moderate-fat,moderate-carb,lunch,chili",american
Chicken and Corn Chowder,تشاو��ر دجاج وذرة,420,35,20,35,"Chicken and corn chowder (350ml - chicken, corn, potatoes, milk, vegetables).","تشاو��ر دجاج وذرة (350 مل - دجاج، ذرة، بطاطس، حليب، خضروات).",american,350ml serving,350 مل للوجبة,No bread suggested,لا يقترح خبز,"high-protein,moderate-fat,moderate-carb,lunch,soup",american
Tuna Melt (Whole Wheat Bread),تونة ميلت (خبز قمح كامل),400,30,20,30,Tuna melt sandwich (1 sandwich) on whole wheat bread with tuna salad and melted cheese.,ساندويتش تونة ميلت (1 ساندويتش) على خبز قمح كامل مع سلطة التونة والجبن المذاب.,american,1 sandwich serving,1 وجبة ساندويتش,Already includes bread (whole wheat bread),يحتوي بالفعل على خبز (خبز قمح كامل),"high-protein,moderate-fat,moderate-carb,lunch,sandwich",american
Chicken Salad Sandwich (Whole Wheat Bread),ساندويتش سلطة دجاج (خبز قمح كامل),350,28,15,25,"Chicken salad sandwich (1 sandwich) on whole wheat bread with chicken salad (chicken, celery, mayo).","ساندويتش سلطة دجاج (1 ساندويتش) على خبز قمح كامل مع سلطة دجاج (دجاج، كرفس، مايونيز).",american,1 sandwich serving,1 وجبة ساندويتش,Already includes bread (whole wheat bread),يحتوي بالفعل على خبز (خبز قمح كامل),"high-protein,moderate-fat,moderate-carb,lunch,sandwich",american
Egg Salad Sandwich (Whole Wheat Bread),ساندويتش سلطة بيض (خبز قمح كامل),320,15,18,25,"Egg salad sandwich (1 sandwich) on whole wheat bread with egg salad (eggs, mayo, mustard).","ساندويتش سلطة بيض (1 ساندويتش) على خبز قمح كامل مع سلطة بيض (بيض، مايونيز، خردل).",american,1 sandwich serving,1 وجبة ساندويتش,Already includes bread (whole wheat bread),يحتوي بالفعل على خبز (خبز قمح كامل),"moderate-protein,moderate-fat,moderate-carb,lunch,sandwich,vegetarian",american
Hummus and Veggie Sandwich (Whole Wheat Pita),ساندويتش حمص وخضروات (بيتا قمح كامل),300,10,12,40,"Hummus and veggie sandwich (1 sandwich) in whole wheat pita bread with hummus, cucumber, tomato, spinach.","ساندويتش حمص وخضروات (1 ساندويتش) في خبز بيتا قمح كامل مع حمص، خيار، طماطم، سبانخ.",american,1 sandwich serving,1 وجبة ساندويتش,Already includes bread (whole wheat pita),يحتوي بالفعل على خبز (بيتا قمح كامل),"vegetarian,vegan,moderate-protein,moderate-fat,high-carb,lunch,sandwich",american
Baba Ghanoush and Veggie Sandwich (Whole Wheat Pita),ساندويتش بابا غنوج وخضروات (بيتا قمح كامل),320,9,15,35,"Baba ghanoush and veggie sandwich (1 sandwich) in whole wheat pita bread with baba ghanoush, bell peppers, red onion, lettuce.","ساندويتش بابا غنوج وخضروات (1 ساندويتش) في خبز بيتا قمح كامل مع بابا غنوج، فلفل رومي، بصل أحمر، خس.",american,1 sandwich serving,1 وجبة ساندويتش,Already includes bread (whole wheat pita),يحتوي بالفعل على خبز (بيتا قمح كامل),"vegetarian,vegan,moderate-protein,moderate-fat,moderate-carb,lunch,sandwich",american
Falafel Salad (No Bread),سلطة فلافل (بدون خبز),350,15,20,30,"Falafel salad (300g) with falafel (4 pieces), mixed greens, cucumber, tomato, tahini dressing.","سلطة فلافل (300 جرام) مع فلافل (4 قطع)، خضروات مشكلة، خيار، طماطم، صلصة طحينة.",american,300g serving,300 جرام للوجبة,No bread suggested (salad style),لا يقترح خبز (طبق سلطة),"vegetarian,vegan,moderate-protein,moderate-fat,moderate-carb,lunch,salad",american
Chicken Caesar Wrap (Whole Wheat Tortilla),راب سيزر دجاج (تورتيلا قمح كامل),420,35,20,30,"Chicken Caesar wrap (1 wrap) with grilled chicken, romaine lettuce, Caesar dressing, parmesan cheese in a whole wheat tortilla.","راب سيزر دجاج (1 راب) مع دجاج مشوي، خس روماني، صلصة سيزر، جبن بارميزان في تورتيلا قمح كامل.",american,1 wrap serving,1 وجبة راب,Already includes bread (whole wheat tortilla),يحتوي بالفعل على خبز (تورتيلا قمح كامل),"high-protein,moderate-fat,moderate-carb,lunch,wrap",american
Spicy Chicken Wrap (Whole Wheat Tortilla),راب دجاج حار (تورتيلا قمح كامل),400,32,18,35,"Spicy chicken wrap (1 wrap) with grilled chicken marinated in spicy seasoning, lettuce, tomato, spicy mayo in a whole wheat tortilla.","راب دجاج حار (1 راب) مع دجاج مشوي متبل بتوابل حارة، خس، طماطم، مايونيز حار في تورتيلا قمح كامل.",american,1 wrap serving,1 وجبة راب,Already includes bread (whole wheat tortilla),يحتوي بالفعل على خبز (تورتيلا قمح كامل),"high-protein,moderate-fat,moderate-carb,lunch,wrap,spicy",american
Vegetable and Hummus Wrap (Whole Wheat Tortilla),راب خضروات وحمص (تورتيلا قمح كامل),350,12,15,45,"Vegetable and hummus wrap (1 wrap) with hummus, roasted vegetables (peppers, zucchini, eggplant), spinach in a whole wheat tortilla.","راب خضروات وحمص (1 راب) مع حمص، خضروات مشوية (فلفل، كوسة، باذنجان)، سبانخ في تورتيلا قمح كامل.",american,1 wrap serving,1 وجبة راب,Already includes bread (whole wheat tortilla),يحتوي بالفعل على خبز (تورتيلا قمح كامل),"vegetarian,vegan,moderate-protein,moderate-fat,high-carb,lunch,wrap",american
Chicken and Quinoa Bowl (Mediterranean Style),وعاء دجاج وكينوا (على الطريقة المتوسطية),430,40,18,35,"Chicken and quinoa bowl (350g) with grilled chicken, quinoa, roasted vegetables (peppers, zucchini), feta cheese, olives, lemon-herb dressing.","وعاء دجاج وكينوا (350 جرام) مع دجاج مشوي، كينوا، خضروات مشوية (فلفل، كوسة)، جبنة فيتا، زيتون، صلصة ليمون وأعشاب.",american,350g serving,350 جرام للوجبة,No bread suggested,لا يقترح خبز,"high-protein,moderate-fat,moderate-carb,lunch,bowl,mediterranean",american
Shrimp and Quinoa Bowl (Mediterranean Style),وعاء روبيان وكينوا (على الطريقة المتوسطية),400,35,15,38,"Shrimp and quinoa bowl (350g) with grilled shrimp, quinoa, roasted vegetables (peppers, zucchini), sun-dried tomatoes, olives, balsamic vinaigrette.","وعاء روبيان وكينوا (350 جرام) مع روبيان مشوي، كينوا، خضروات مشوية (فلفل، كوسة)، طماطم مجففة بالشمس، زيتون، صلصة بلسمية.",american,350g serving,350 جرام للوجبة,No bread suggested,لا يقترح خبز,"high-protein,moderate-fat,moderate-carb,lunch,bowl,mediterranean",american
Tofu and Quinoa Bowl (Mediterranean Style),وعاء توفو وكينوا (على الطريقة المتوسطية),380,20,15,45,"Tofu and quinoa bowl (350g) with grilled tofu, quinoa, roasted vegetables (peppers, zucchini), hummus, olives, tahini dressing.","وعاء توفو وكينوا (350 جرام) مع توفو مشوي، كينوا، خضروات مشوية (فلفل، كوسة)، حمص، زيتون، صلصة طحينة.",american,350g serving,350 جرام للوجبة,No bread suggested,لا يقترح خبز,"vegetarian,vegan,moderate-protein,moderate-fat,moderate-carb,lunch,bowl,mediterranean",american
Chicken and Sweet Potato Bowl,وعاء دجاج وبطاطا حلوة,450,40,20,30,"Chicken and sweet potato bowl (350g) with grilled chicken, roasted sweet potatoes, black beans, corn, salsa, avocado.","وعاء دجاج وبطاطا حلوة (350 جرام) مع دجاج مشوي، بطاطا حلوة مشوية، فاصوليا سوداء، ذرة، صلصة، أفوكادو.",american,350g serving,350 جرام للوجبة,No bread suggested,لا يقترح خبز,"high-protein,moderate-fat,moderate-carb,lunch,bowl,american",american
Beef and Sweet Potato Bowl,وعاء لحم بقري وبطاطا حلوة,500,45,25,25,"Beef and sweet potato bowl (350g) with grilled beef strips, roasted sweet potatoes, black beans, corn, salsa, guacamole.","وعاء لحم بقري وبطاطا حلوة (350 جرام) مع شرائح لحم بقري مشوية، بطاطا حلوة مشوية، فاصوليا سوداء، ذرة، صلصة، جواكامولي.",american,350g serving,350 جرام للوجبة,No bread suggested,لا يقترح خبز,"high-protein,high-fat,moderate-carb,lunch,bowl,american",american
Tofu and Sweet Potato Bowl,وعاء توفو وبطاطا حلوة,400,22,18,40,"Tofu and sweet potato bowl (350g) with grilled tofu, roasted sweet potatoes, black beans, corn, salsa, vegan sour cream.","وعاء توفو وبطاطا حلوة (350 جرام) مع توفو مشوي، بطاطا حلوة مشوية، فاصوليا سوداء، ذرة، صلصة، كريمة حامضة نباتية.",american,350g serving,350 جرام للوجبة,No bread suggested,لا يقترح خبز,"vegetarian,vegan,moderate-protein,moderate-fat,moderate-carb,lunch,bowl,american",american
Chicken and Brown Rice Bowl,وعاء دجاج وأرز بني,420,38,15,40,"Chicken and brown rice bowl (350g) with grilled chicken, brown rice, steamed broccoli, carrots, snow peas, teriyaki sauce.","وعاء دجاج وأرز بني (350 جرام) مع دجاج مشوي، أرز بني، بروكلي مطبوخ على البخار، جزر، بازلاء الثلج، صلصة ترياكي.",american,350g serving,350 جرام للوجبة,No bread suggested (rice included),لا يقترح خبز (الأرز مشمول),"high-protein,moderate-fat,moderate-carb,lunch,bowl,american",american
Shrimp and Brown Rice Bowl,وعاء روبيان وأرز بني,400,35,12,45,"Shrimp and brown rice bowl (350g) with grilled shrimp, brown rice, steamed broccoli, carrots, snow peas, ginger-soy sauce.","وعاء روبيان وأرز بني (350 جرام) مع روبيان مشوي، أرز بني، بروكلي مطبوخ على البخار، جزر، بازلاء الثلج، صلصة زنجبيل وصويا.",american,350g serving,350 جرام للوجبة,No bread suggested (rice included),لا يقترح خبز (الأرز مشمول),"high-protein,moderate-fat,moderate-carb,lunch,bowl,american",american
Tofu and Brown Rice Bowl,وعاء توفو وأرز بني,380,20,12,50,"Tofu and brown rice bowl (350g) with grilled tofu, brown rice, steamed broccoli, carrots, snow peas, peanut sauce.","وعاء توفو وأرز بني (350 جرام) مع توفو مشوي، أرز بني، بروكلي مطبوخ على البخار، جزر، بازلاء الثلج، صلصة الفول السوداني.",american,350g serving,350 جرام للوجبة,No bread suggested (rice included),لا يقترح خبز (الأرز مشمول),"vegetarian,vegan,moderate-protein,moderate-fat,moderate-carb,lunch,bowl,american",american
Chicken and Couscous Bowl (Moroccan Style),وعاء دجاج وكسكس (على الطريقة المغربية),450,40,18,40,"Chicken and couscous bowl (350g) with grilled chicken, couscous, chickpeas, raisins, almonds, Moroccan spices.","وعاء دجاج وكسكس (350 جرام) مع دجاج مشوي، كسكس، حمص، زبيب، لوز، توابل مغربية.",american,350g serving,350 جرام للوجبة,No bread suggested (couscous included),لا يقترح خبز (الكسكس مشمول),"high-protein,moderate-fat,moderate-carb,lunch,bowl,moroccan",american
Lamb and Couscous Bowl (Moroccan Style),وعاء لحم ضأن وكسكس (على الطريقة المغربية),500,45,25,35,"Lamb and couscous bowl (350g) with grilled lamb, couscous, chickpeas, dried apricots, pistachios, Moroccan spices.","وعاء لحم ضأن وكسكس (350 جرام) مع لحم ضأن مشوي، كسكس، حمص، مشمش مجفف، فستق، توابل مغربية.",american,350g serving,350 جرام للوجبة,No bread suggested (couscous included),لا يقترح خبز (الكسكس مشمول),"high-protein,high-fat,moderate-carb,lunch,bowl,moroccan",american
Vegetable and Couscous Bowl (Moroccan Style),وعاء خضروات وكسكس (على الطريقة المغربية),400,15,15,60,"Vegetable and couscous bowl (350g) with roasted vegetables (carrots, zucchini, eggplant), couscous, chickpeas, raisins, almonds, Moroccan spices.","وعاء خضروات وكسكس (350 جرام) مع خضروات مشوية (جزر، كوسة، باذنجان)، كسكس، حمص، زبيب، لوز، توابل مغربية.",american,350g serving,350 جرام للوجبة,No bread suggested (couscous included),لا يقترح خبز (الكسكس مشمول),"vegetarian,vegan,moderate-protein,moderate-fat,high-carb,lunch,bowl,moroccan",american
Egyptian Chicken and Rice (Roz Bel Laban - Savory),أرز باللبن بالدجاج (مصري - مالح),400,30,15,40,"Savory Roz Bel Laban (Egyptian Rice Pudding): Rice cooked in chicken broth with shredded chicken, herbs, and spices.","أرز باللبن مالح (بودينغ الأرز المصري): أرز مطبوخ في مرقة دجاج مع دجاج مفروم، أعشاب، وتوابل.",egyptian,350g serving,350 جرام للوجبة,No bread suggested (rice included),لا يقترح خبز (الأرز مشمول),"high-protein,moderate-fat,moderate-carb,lunch,egyptian,traditional",egyptian
Egyptian Bamya (Okra Stew) with Beef and Rice,بامية مصرية باللحم والأرز,450,35,20,40,"Egyptian Bamya (Okra Stew): Okra cooked in tomato-based stew with beef cubes, garlic, and Egyptian spices. Served with 100g white rice.","بامية مصرية (يخنة البامية): بامية مطبوخة في يخنة طماطم مع مكعبات لحم بقري، ثوم، وتوابل مصرية. يقدم مع 100 جرام أرز أبيض.",egyptian,400g serving,400 جرام للوجبة,No bread suggested (rice included),لا يقترح خبز (الأرز مشمول),"high-protein,moderate-fat,moderate-carb,lunch,egyptian,traditional",egyptian
Egyptian Fasolia Beida (White Bean Stew) with Chicken and Rice,فاصوليا بيضاء مصرية بالدجاج والأرز,420,32,18,45,"Egyptian Fasolia Beida (White Bean Stew): White beans cooked in tomato-based stew with chicken pieces, carrots, and Egyptian spices. Served with 100g white rice.","فاصوليا بيضاء مصرية (يخنة الفاصوليا البيضاء): فاصوليا بيضاء مطبوخة في يخنة طماطم مع قطع دجاج، جزر، وتوابل مصرية. يقدم مع 100 جرام أرز أبيض.",egyptian,400g serving,400 جرام للوجبة,No bread suggested (rice included),لا يقترح خبز (الأرز مشمول),"high-protein,moderate-fat,moderate-carb,lunch,egyptian,traditional",egyptian
Egyptian Turli (Mixed Vegetable Stew) with Rice,تورلي مصري (يخنة خضار مشكلة) مع الأرز,380,15,12,60,"Egyptian Turli (Mixed Vegetable Stew): Mixed vegetables (potatoes, carrots, zucchini, peas) cooked in tomato-based stew with Egyptian spices. Served with 100g white rice.","تورلي مصري (يخنة خضار مشكلة): خضروات مشكلة (بطاطس، جزر، كوسة، بازلاء) مطبوخة في يخنة طماطم مع توابل مصرية. يقدم مع 100 جرام أرز أبيض.",egyptian,400g serving,400 جرام للوجبة,No bread suggested (rice included),لا يقترح خبز (الأرز مشمول),"vegetarian,vegan,moderate-protein,moderate-fat,high-carb,lunch,egyptian,traditional",egyptian
Egyptian Adas b Hamod (Lentil Soup with Lemon),شوربة عدس بالليمون (مصرية),280,18,7,40,"Egyptian Adas b Hamod (Lentil Soup with Lemon): Red lentils cooked with vegetables, lemon juice, and cumin. Served with baladi bread (optional).","شوربة عدس بالليمون (مصرية): عدس أحمر مطبوخ مع خضروات، عصير ليمون، وكمون. يقدم مع خبز بلدي (اختياري).",egyptian,300ml serving,300 مل للوجبة,Baladi bread (optional),خبز بلدي (اختياري),"vegetarian,vegan,high-protein,low-fat,high-carb,lunch,egyptian,soup",egyptian
Egyptian Ful Medames (Fava Bean Stew) - Lunch Style,فول مدمس مصري (يخنة الفول) - نمط الغداء,350,20,10,50,"Egyptian Ful Medames (Fava Bean Stew): Fava beans stewed with tomatoes, onions, garlic, and cumin. Topped with olive oil and parsley. Served with baladi bread.","فول مدمس مصري (يخنة الفول): فول مدمس مطبوخ مع طماطم، بصل، ثوم، وكمون. مغطى بزيت الزيتون والبقدونس. يقدم مع خبز بلدي.",egyptian,350g serving,350 جرام للوجبة,Baladi bread,خبز بلدي,"vegetarian,vegan,high-protein,low-fat,high-carb,lunch,egyptian,traditional",egyptian
Egyptian Taameya (Falafel) Plate - Lunch Portion,طبق طعمية مصرية (فلافل) - حصة الغداء,400,20,25,30,"Egyptian Taameya (Falafel) Plate: Falafel (6 pieces), hummus, tahini sauce, pickled vegetables, and mixed greens. Served with baladi bread (optional).","طبق طعمية مصرية (فلافل): فلافل (6 قطع)، حمص، صلصة طحينة، مخلل خضروات، وخضروات مشكلة. يقدم مع خبز بلدي (اختياري).",egyptian,400g serving,400 جرام للوجبة,Baladi bread (optional),خبز بلدي (اختياري),"vegetarian,vegan,moderate-protein,moderate-fat,moderate-carb,lunch,egyptian,traditional",egyptian
Egyptian Gabeena Domiati Salad (Domiati Cheese Salad),سلطة جبنة دمياطي مصرية,250,15,18,5,"Egyptian Gabeena Domiati Salad: Domiati cheese cubes, tomatoes, cucumbers, green peppers, olives, and olive oil dressing.","سلطة جبنة دمياطي مصرية: مكعبات جبنة دمياطي، طماطم، خيار، فلفل أخضر، زيتون، وصلصة زيت زيتون.",egyptian,200g serving,200 جرام للوجبة,No bread suggested,لا يقترح خبز,"vegetarian,moderate-protein,high-fat,very-low-carb,lunch,egyptian,salad",egyptian
Egyptian Macarona Salad (Pasta Salad),سلطة مكرونة مصرية,300,8,15,35,"Egyptian Macarona Salad: Cooked pasta, tuna (optional), mixed vegetables (peas, corn, carrots), mayonnaise dressing.","سلطة مكرونة مصرية: مكرونة مطبوخة، تونة (اختياري)، خضروات مشكلة (بازلاء، ذرة، جزر)، صلصة مايونيز.",egyptian,300g serving,300 جرام للوجبة,No bread suggested,لا يقترح خبز,"moderate-protein,moderate-fat,high-carb,lunch,egyptian,salad",egyptian
Egyptian Roz Meamar (Baked Rice),أرز معمر مصري (أرز مخبوز),450,10,20,55,"Egyptian Roz Meamar (Baked Rice): Rice baked with milk, cream, butter, and salt. Savory version for lunch.","أرز معمر مصري (أرز مخبوز): أرز مخبوز مع حليب، كريمة، زبدة، وملح. نسخة مالحة للغداء.",egyptian,300g serving,300 جرام للوجبة,No bread suggested (rice included),لا يقترح خبز (الأرز مشمول),"moderate-protein,high-fat,high-carb,lunch,egyptian,traditional",egyptian
Egyptian Chicken Kofta with Tahini Salad,كفتة دجاج مصرية مع سلطة طحينة,480,40,25,20,"Egyptian Chicken Kofta: Grilled chicken kofta skewers (2 skewers - 150g) served with tahini salad (150g - tahini, yogurt, cucumber, herbs).","كفتة دجاج مصرية: أسياخ كفتة دجاج مشوية (2 سيخ - 150 جرام) تقدم مع سلطة طحينة (150 جرام - طحينة، زبادي، خيار، أعشاب).",egyptian,300g serving,300 جرام للوجبة,No bread suggested,لا يقترح خبز,"high-protein,moderate-fat,low-carb,lunch,egyptian,grilled",egyptian
Egyptian Fish Kofta with Green Salad,كفتة سمك مصرية مع سلطة خضراء,420,35,20,15,"Egyptian Fish Kofta: Baked fish kofta skewers (2 skewers - 150g) served with green salad (150g - mixed greens, tomatoes, cucumbers, lemon dressing).","كفتة سمك مصرية: أسياخ كفتة سمك مخبوزة (2 سيخ - 150 جرام) تقدم مع سلطة خضراء (150 جرام - خضروات مشكلة، طماطم، خيار، صلصة ليمون).",egyptian,300g serving,300 جرام للوجبة,No bread suggested,لا يقترح خبز,"high-protein,moderate-fat,low-carb,lunch,egyptian,baked",egyptian
Egyptian Shish Tawook Plate (No Pita),طبق شيش طاووق مصري (بدون بيتا),450,45,22,15,"Egyptian Shish Tawook: Grilled chicken cubes (150g) marinated in Egyptian spices, served with a side of hummus (50g) and pickled vegetables.","شيش طاووق مصري: مكعبات دجاج مشوية (150 جرام) متبلة بتوابل مصرية، تقدم مع طبق جانبي من الحمص (50 جرام) ومخلل خضروات.",egyptian,300g serving,300 جرام للوجبة,No bread suggested (plate style),لا يقترح خبز (طبق بدون خبز),"high-protein,moderate-fat,low-carb,lunch,egyptian,grilled",egyptian
Egyptian Grilled Chicken Plate with Vegetables,طبق دجاج مصري مشوي مع خضروات,400,40,20,10,"Egyptian Grilled Chicken: Grilled chicken breast (150g) marinated in Egyptian spices, served with grilled vegetables (150g - peppers, onions, zucchini).","دجاج مصري مشوي: صدر دجاج مشوي (150 جرام) متبل بتوابل مصرية، يقدم مع خضروات مشوية (150 جرام - فلفل، بصل، كوسة).",egyptian,300g serving,300 جرام للوجبة,No bread suggested,لا يقترح خبز,"high-protein,moderate-fat,low-carb,lunch,egyptian,grilled",egyptian
Egyptian Grilled Fish Plate with Vegetables,طبق سمك مصري مشوي مع خضروات,380,35,18,8,"Egyptian Grilled Fish: Grilled white fish fillet (150g) marinated in Egyptian spices, served with grilled vegetables (150g - peppers, onions, zucchini).","سمك مصري مشوي: شريحة سمك أبيض مشوية (150 جرام) متبلة بتوابل مصرية، تقدم مع خضروات مشوية (150 جرام - فلفل، بصل، كوسة).",egyptian,300g serving,300 جرام للوجبة,No bread suggested,لا يقترح خبز,"high-protein,moderate-fat,low-carb,lunch,egyptian,grilled",egyptian
Egyptian Sayadia Rice with Grilled Fish,أرز صيادية مصري مع سمك مشوي,480,35,20,55,"Egyptian Sayadia Rice: Sayadia rice (200g) cooked with fish broth and spices, served with grilled fish fillet (100g).","أرز صيادية مصري: أرز صيادية (200 جرام) مطبوخ بمرقة سمك وتوابل، يقدم مع شريحة سمك مشوية (100 جرام).",egyptian,300g serving,300 جرام للوجبة,No bread suggested (rice included),لا يقترح خبز (الأرز مشمول),"high-protein,moderate-fat,moderate-carb,lunch,egyptian,traditional",egyptian
Egyptian Couscous with Vegetables (Vegetarian),كسكس مصري بالخضروات (نباتي),400,12,15,65,"Egyptian Couscous with Vegetables: Couscous (200g cooked) steamed and served with vegetable stew (150g - carrots, zucchini, chickpeas, tomato sauce).","كسكس مصري بالخضروات: كسكس (200 جرام مطبوخ) مبخر ويقدم مع يخنة خضار (150 جرام - جزر، كوسة، حمص، صلصة طماطم).",egyptian,350g serving,350 جرام للوجبة,No bread suggested (couscous included),لا يقترح خبز (الكسكس مشمول),"vegetarian,vegan,moderate-protein,moderate-fat,high-carb,lunch,egyptian,traditional",egyptian
Egyptian Couscous with Chicken,كسكس مصري بالدجاج,450,30,18,50,"Egyptian Couscous with Chicken: Couscous (200g cooked) steamed and served with chicken stew (150g - chicken pieces, carrots, chickpeas, tomato sauce).","كسكس مصري بالدجاج: كسكس (200 جرام مطبوخ) مبخر ويقدم مع يخنة دجاج (150 جرام - قطع دجاج، جزر، حمص، صلصة طماطم).",egyptian,350g serving,350 جرام للوجبة,No bread suggested (couscous included),لا يقترح خبز (الكسكس مشمول),"high-protein,moderate-fat,moderate-carb,lunch,egyptian,traditional",egyptian
Egyptian Hawawshi (Meat Stuffed Baladi Bread),حواوشي مصري (خبز بلدي محشو باللحم),500,25,30,40,Egyptian Hawawshi: Baladi bread (1 loaf) stuffed with spiced minced meat (beef or lamb) and baked or grilled.,حواوشي مصري: خبز بلدي (1 رغيف) محشو باللحم المفروم المتبل (لحم بقري أو ضأن) ومخبوز أو مشوي.,egyptian,1 hawawshi serving,1 وجبة حواوشي,Already includes bread (Baladi bread),يحتوي بالفعل على خبز (خبز بلدي),"high-protein,high-fat,moderate-carb,lunch,egyptian,traditional",egyptian
Egyptian Alexandria Liver Sandwich (Kibda Eskandarani),ساندويتش كبدة إسكندراني مصري,420,30,20,35,Egyptian Alexandria Liver Sandwich (Kibda Eskandarani): Alexandria style liver (kibda) cooked with peppers and spices in baladi bread (1/2 loaf).,ساندويتش كبدة إسكندراني مصري: كبدة إسكندراني مطبوخة بالفلفل والتوابل في خبز بلدي (نصف رغيف).,egyptian,1 sandwich serving,1 وجبة ساندويتش,Already includes bread (Baladi bread),يحتوي بالفعل على خبز (خبز بلدي),"high-protein,moderate-fat,moderate-carb,lunch,egyptian,sandwich,traditional",egyptian
Egyptian Sausage Sandwich (Sogok Baladi),ساندويتش سجق بلدي مصري,450,25,25,40,Egyptian Sausage Sandwich (Sogok Baladi): Egyptian sausage (sogok baladi) cooked with tomatoes and onions in baladi bread (1/2 loaf).,ساندويتش سجق بلدي مصري: سجق بلدي مصري مطبوخ مع طماطم وبصل في خبز بلدي (نصف رغيف).,egyptian,1 sandwich serving,1 وجبة ساندويتش,Already includes bread (Baladi bread),يحتوي بالفعل على خبز (خبز بلدي),"high-protein,high-fat,moderate-carb,lunch,egyptian,sandwich,traditional",egyptian
Egyptian Molokhia with Shrimp and Rice,ملوخية مصرية بالروبيان والأرز,420,35,15,35,Egyptian Molokhia with Shrimp: Molokhia soup with shrimp (100g shrimp) cooked in molokhia broth with garlic and coriander. Served with 100g white rice.,ملوخية مصرية بالروبيان: شوربة ملوخية مع روبيان (100 جرام روبيان) مطبوخ في مرقة ملوخية بالثوم والكزبرة. يقدم مع 100 جرام أرز أبيض.,egyptian,400g serving,400 جرام للوجبة,No bread suggested (rice included),لا يقترح خبز (الأرز مشمول),"high-protein,moderate-fat,moderate-carb,lunch,egyptian,soup",egyptian
Egyptian Besara (Fava Bean Dip/Stew) with Baladi Bread,بصارة مصرية (يخنة/غمس الفول) مع خبز بلدي,300,10,8,50,Egyptian Besara: Fava bean dip/stew cooked with herbs and spices. Topped with fried onions and served with baladi bread.,بصارة مصرية: غمس/يخنة الفول مطبوخة مع الأعشاب والتوابل. مغطاة بالبصل المقلي وتقدم مع خبز بلدي.,egyptian,350g serving,350 جرام للوجبة,Baladi bread,خبز بلدي,"vegetarian,vegan,moderate-protein,low-fat,high-carb,lunch,egyptian,traditional",egyptian
Grilled Chicken and Broccoli (Keto - American),دجاج مشوي وبروكلي (كيتو - أمريكي),350,40,20,5,Grilled chicken breast (150g) served with steamed broccoli (200g).,صدر دجاج مشوي (150 جرام) يقدم مع بروكلي مطبوخ على البخار (200 جرام).,american,350g serving,350 جرام للوجبة,No bread suggested,لا يقترح خبز,"keto,high-protein,high-fat,very-low-carb,lunch,grilled",american
Steak and Green Beans (Keto - American),ستيك وفاصوليا خضراء (كيتو - أمريكي),450,50,30,3,Grilled steak (150g sirloin) served with sautéed green beans (200g) in garlic butter.,ستيك مشوي (150 جرام سيرلوين) يقدم مع فاصوليا خضراء مقلية (200 جرام) في زبدة الثوم.,american,350g serving,350 جرام للوجبة,No bread suggested,لا يقترح خبز,"keto,high-protein,high-fat,very-low-carb,lunch,grilled",american
Salmon and Spinach Salad (Low Carb - American),سلطة سلمون وسبانخ (قليلة الكربوهيدرات - أمريكية),400,35,25,8,Grilled salmon fillet (150g) over spinach salad (150g) with olive oil and lemon dressing.,شريحة سلمون مشوية (150 جرام) فوق سلطة سبانخ (150 جرام) مع زيت زيتون وصلصة ليمون.,american,300g serving,300 جرام للوجبة,No bread suggested,لا يقترح خبز,"low-carb,high-protein,high-fat,very-low-carb,lunch,salad",american
Tuna Salad with Avocado (Low Carb - American),سلطة تونة بالأفوكادو (قليلة الكربوهيدرات - أمريكية),380,30,30,5,"Tuna salad (150g tuna in olive oil, mayo, celery) mixed with avocado (1/2 medium - 70g).","سلطة تونة (150 جرام تونة في زيت الزيتون، مايونيز، كرفس) مخلوطة بالأفوكادو (1/2 متوسط - 70 جرام).",american,300g serving,300 جرام للوجبة,No bread suggested,لا يقترح خبز,"low-carb,high-protein,high-fat,very-low-carb,lunch,salad",american
Chicken Thighs with Roasted Cauliflower (Keto - American),أفخاذ دجاج مع قرنبيط مشوي (كيتو - أمريكي),420,45,25,7,Roasted chicken thighs (2 medium thighs - 150g) served with roasted cauliflower (200g) seasoned with herbs.,أفخاذ دجاج مشوية (2 فخذ متوسط - 150 جرام) تقدم مع قرنبيط مشوي (200 جرام) متبل بالأعشاب.,american,350g serving,350 جرام للوجبة,No bread suggested,لا يقترح خبز,"keto,high-protein,high-fat,very-low-carb,lunch,roasted",american
Pork Chops with Asparagus (Keto - American),قطع لحم خنزير مع هليون (كيتو - أمريكي),480,50,30,2,Grilled pork chops (1 chop - 150g) served with grilled asparagus (200g).,قطع لحم خنزير مشوية (1 قطعة - 150 جرام) تقدم مع هليون مشوي (200 جرام).,american,350g serving,350 جرام للوجبة,No bread suggested,لا يقترح خبز,"keto,high-protein,high-fat,very-low-carb,lunch,grilled",american
Beef Lettuce Wraps (Low Carb - American),لفائف خس باللحم البقري (قليلة الكربوهيدرات - أمريكية),320,35,15,8,"Ground beef (120g lean beef) sautéed with onions, peppers, and spices. Served with lettuce cups for wrapping.",لحم بقري مفروم (120 جرام لحم بقري قليل الدهن) مقلي مع بصل وفلفل وتوابل. يقدم مع أوراق خس للف.,american,300g serving,300 جرام للوجبة,No bread suggested (lettuce wrap),لا يقترح خبز (لفائف خس),"low-carb,high-protein,moderate-fat,very-low-carb,lunch,wrap",american
Chicken Lettuce Wraps (Low Carb - American),لفائف خس بالدجاج (قليلة الكربوهيدرات - أمريكية),300,32,12,10,"Ground chicken (120g lean chicken) sautéed with water chestnuts, carrots, and soy sauce. Served with lettuce cups.",دجاج مفروم (120 جرام دجاج قليل الدهن) مقلي مع كستناء الماء والجزر وصلصة الصويا. يقدم مع أوراق خس.,american,300g serving,300 جرام للوجبة,No bread suggested (lettuce wrap),لا يقترح خبز (لفائف خس),"low-carb,high-protein,moderate-fat,very-low-carb,lunch,wrap",american
Egg Frittata with Sausage and Spinach (Low Carb - American),فريتاتا بيض بالسجق والسبانخ (قليلة الكربوهيدرات - أمريكية),380,30,25,5,"Egg frittata (1 slice - 200g) with eggs (3), chicken sausage (50g), spinach (50g), and cheese (20g).","فريتاتا بيض (1 شريحة - 200 جرام) مع بيض (3)، سجق دجاج (50 جرام)، سبانخ (50 جرام)، وجبن (20 جرام).",american,200g serving,200 جرام للوجبة,No bread suggested,لا يقترح خبز,"low-carb,high-protein,high-fat,very-low-carb,lunch",american
Protein Power Salad with Grilled Chicken and Hard-Boiled Egg (American),سلطة قوة البروتين بالدجاج المشوي والبيض المسلوق (أمريكية),450,55,20,10,"Mixed greens salad (200g) with grilled chicken breast (150g), hard-boiled egg (1), avocado (30g), tomatoes, cucumbers, and light vinaigrette.","سلطة خضروات مشكلة (200 جرام) مع صدر دجاج مشوي (150 جرام)، بيضة مسلوقة (1)، أفوكادو (30 جرام)، طماطم، خيار، وصلصة فينيجريت خفيفة.",american,400g serving,400 جرام للوجبة,No bread suggested,لا يقترح خبز,"high-protein,high-fat,very-low-carb,lunch,salad",american
Chef Salad (High Protein - American),سلطة الشيف (عالية البروتين - أمريكية),420,40,25,15,"Chef salad (400g) with mixed greens, sliced turkey (50g), ham (50g), cheese (30g), hard-boiled egg (1), tomatoes, cucumbers, and ranch dressing (30ml).","سلطة الشيف (400 جرام) مع خضروات مشكلة، شرائح ديك رومي (50 جرام)، لحم خنزير (50 جرام)، جبن (30 جرام)، بيضة مسلوقة (1)، طماطم، خيار، وصلصة رانش (30 مل).",american,400g serving,400 جرام للوجبة,No bread suggested,لا يقترح خبز,"high-protein,high-fat,very-low-carb,lunch,salad",american
Cobb Salad (High Protein - American),سلطة كوب (عالية البروتين - أمريكية),480,45,30,15,"Cobb salad (400g) with romaine lettuce, grilled chicken breast (100g), bacon (2 slices), avocado (50g), blue cheese (20g), hard-boiled egg (1), tomatoes, and vinaigrette.","سلطة كوب (400 جرام) مع خس روماني، صدر دجاج مشوي (100 جرام)، لحم مقدد (شريحتان)، أفوكادو (50 جرام)، جبن أزرق (20 جرام)، بيضة مسلوقة (1)، طماطم، وصلصة فينيجريت.",american,400g serving,400 جرام للوجبة,No bread suggested,لا يقترح خبز,"high-protein,high-fat,very-low-carb,lunch,salad",american
Greek Salad with Grilled Chicken (High Protein - American),سلطة يونانية بالدجاج المشوي (عالية البروتين - أمريكية),430,50,25,10,"Greek salad (300g - tomatoes, cucumbers, onions, olives, feta) with grilled chicken breast (150g) and olive oil dressing.","سلطة يونانية (300 جرام - طماطم، خيار، بصل، زيتون، فيتا) مع صدر دجاج مشوي (150 جرام) وصلصة زيت زيتون.",american,350g serving,350 جرام للوجبة,No bread suggested,لا يقترح خبز,"high-protein,high-fat,very-low-carb,lunch,salad,mediterranean",american
"Tofu and Vegetable Skewers (High Protein, Vegetarian - American)","أسياخ توفو وخضروات (عالية البروتين، نباتية - أمريكية)",300,25,15,15,"Grilled tofu (150g firm tofu) and vegetable skewers (peppers, onions, zucchini - 100g veggies) marinated in herbs and lemon.","توفو مشوي (150 جرام توفو متماسك) وأسياخ خضروات (فلفل، بصل، كوسة - 100 جرام خضروات) متبلة بالأعشاب والليمون.",american,250g serving,250 جرام للوجبة,No bread suggested,لا يقترح خبز,"vegetarian,high-protein,moderate-fat,very-low-carb,lunch,grilled",american
"Halloumi and Vegetable Skewers (High Protein, Vegetarian - American)","أسياخ حلوم وخضروات (عالية البروتين، نباتية - أمريكية)",350,28,20,12,"Grilled halloumi cheese (100g) and vegetable skewers (peppers, onions, zucchini - 150g veggies) with herb marinade.","جبنة حلوم مشوية (100 جرام) وأسياخ خضروات (فلفل، بصل، كوسة - 150 جرام خضروات) مع تتبيلة أعشاب.",american,250g serving,250 جرام للوجبة,No bread suggested,لا يقترح خبز,"vegetarian,high-protein,moderate-fat,very-low-carb,lunch,grilled,mediterranean",american
High-Protein Egg Drop Soup (American),شوربة البيض عالية البروتين (أمريكية),200,20,10,5,"Egg drop soup (300ml) made with chicken broth, eggs (2), shredded chicken breast (30g), and spinach.","شوربة البيض (300 مل) مصنوعة من مرقة دجاج، بيض (2)، صدر دجاج مفروم (30 جرام)، وسبانخ.",american,300ml serving,300 مل للوجبة,No bread suggested,لا يقترح خبز,"high-protein,moderate-fat,very-low-carb,lunch,soup",american
Chicken and Cabbage Stir-fry (Keto - American),دجاج وملفوف مقلي (كيتو - أمريكي),380,40,22,8,"Chicken strips (150g) stir-fried with shredded cabbage (200g), onions, and soy sauce.","شرائح دجاج (150 جرام) مقلية مع ملفوف مفروم (200 جرام)، بصل، وصلصة الصويا.",american,350g serving,350 جرام للوجبة,No bread suggested,لا يقترح خبز,"keto,high-protein,moderate-fat,very-low-carb,lunch,stir-fry",american
Beef and Cabbage Stir-fry (Keto - American),لحم بقري وملفوف مقلي (كيتو - أمريكي),420,45,25,7,"Beef strips (150g lean beef) stir-fried with shredded cabbage (200g), onions, and soy sauce.","شرائح لحم بقري (150 جرام لحم بقري قليل الدهن) مقلية مع ملفوف مفروم (200 جرام)، بصل، وصلصة الصويا.",american,350g serving,350 جرام للوجبة,No bread suggested,لا يقترح خبز,"keto,high-protein,high-fat,very-low-carb,lunch,stir-fry",american
Shrimp and Cabbage Stir-fry (Keto - American),روبيان وملفوف مقلي (كيتو - أمريكي),350,35,18,9,"Shrimp (150g) stir-fried with shredded cabbage (200g), garlic, and soy sauce.","روبيان (150 جرام) مقلي مع ملفوف مفروم (200 جرام)، ثوم، وصلصة الصويا.",american,350g serving,350 جرام للوجبة,No bread suggested,لا يقترح خبز,"keto,high-protein,moderate-fat,very-low-carb,lunch,stir-fry",american
Spicy Tuna Cakes with Green Salad (Low Carb - American),كعكات تونة حارة مع سلطة خضراء (قليلة الكربوهيدرات - أمريكية),400,35,25,10,"Spicy tuna cakes (2 cakes - 150g tuna) made with tuna, egg, spices, and almond flour. Served with green salad (150g).",كعكات تونة حارة (2 كعكة - 150 جرام تونة) مصنوعة من التونة والبيض والتوابل ودقيق اللوز. تقدم مع سلطة خضراء (150 جرام).,american,300g serving,300 جرام للوجبة,No bread suggested,لا يقترح خبز,"low-carb,high-protein,high-fat,very-low-carb,lunch,seafood",american
"Chicken and Broccoli Bowl (High Protein, Low Carb - American)","وعاء دجاج وبروكلي (عالي البروتين، قليل الكربوهيدرات - أمريكي)",400,50,20,5,Grilled chicken breast (180g) served with steamed broccoli (250g).,صدر دجاج مشوي (180 جرام) يقدم مع بروكلي مطبوخ على البخار (250 جرام).,american,430g serving,430 جرام للوجبة,No bread suggested,لا يقترح خبز,"high-protein,very-low-carb,low-fat,lunch,bowl",american
"Steak and Asparagus Bowl (High Protein, Low Carb - American)","وعاء ستيك وهليون (عالي البروتين، قليل الكربوهيدرات - أمريكي)",480,55,30,3,Grilled sirloin steak (180g) served with grilled asparagus (250g).,ستيك سيرلوين مشوي (180 جرام) يقدم مع هليون مشوي (250 جرام).,american,430g serving,430 جرام للوجبة,No bread suggested,لا يقترح خبز,"high-protein,very-low-carb,high-fat,lunch,bowl",american
"Shrimp and Zucchini Bowl (High Protein, Low Carb - American)","وعاء روبيان وكوسة (عالي البروتين، قليل الكربوهيدرات - أمريكي)",350,40,15,7,Grilled shrimp (200g) served over zucchini noodles (200g).,روبيان مشوي (200 جرام) يقدم فوق نودلز الكوسة (200 جرام).,american,400g serving,400 جرام للوجبة,No bread suggested,لا يقترح خبز,"high-protein,very-low-carb,moderate-fat,lunch,bowl,seafood",american
"Tuna Steak with Green Beans (High Protein, Low Carb - American)","ستيك تونة مع فاصوليا خضراء (عالي البروتين، قليل الكربوهيدرات - أمريكي)",420,45,25,4,Grilled tuna steak (150g) served with sautéed green beans (200g) in olive oil.,ستيك تونة مشوي (150 جرام) يقدم مع فاصوليا خضراء مقلية (200 جرام) في زيت الزيتون.,american,350g serving,350 جرام للوجبة,No bread suggested,لا يقترح خبز,"high-protein,very-low-carb,high-fat,lunch,seafood",american
"Chicken and Spinach Frittata (High Protein, Low Carb - American)","فريتاتا دجاج وسبانخ (عالية البروتين، قليلة الكربوهيدرات - أمريكية)",320,35,18,3,"Slice of chicken and spinach frittata (200g) made with eggs (3), chicken breast (50g), and spinach (70g).","شريحة فريتاتا دجاج وسبانخ (200 جرام) مصنوعة من البيض (3)، صدر دجاج (50 جرام)، وسبانخ (70 جرام).",american,200g serving,200 جرام للوجبة,No bread suggested,لا يقترح خبز,"high-protein,very-low-carb,moderate-fat,lunch",american
High-Protein Chicken Salad (Low Carb - American),سلطة دجاج عالية البروتين (قليلة الكربوهيدرات - أمريكية),300,40,15,2,"Chicken salad (200g) made with grilled chicken breast (150g), celery, light mayo, and herbs.","سلطة دجاج (200 جرام) مصنوعة من صدر دجاج مشوي (150 جرام)، كرفس، مايونيز خفيف، وأعشاب.",american,200g serving,200 جرام للوجبة,No bread suggested,لا يقترح خبز,"high-protein,very-low-carb,moderate-fat,lunch,salad",american
"Egg White Omelette with Turkey and Veggies (High Protein, Low Carb - American)","أومليت بياض البيض مع ديك رومي وخضروات (عالي البروتين، قليل الكربوهيدرات - أمريكي)",280,30,15,4,"Omelette made with egg whites (4 whites), sliced turkey breast (50g), mushrooms (50g), and bell peppers (50g).","أومليت مصنوع من بياض البيض (4 بياض)، شرائح صدر ديك رومي (50 جرام)، فطر (50 جرام)، وفلفل رومي (50 جرام).",american,250g serving,250 جرام للوجبة,No bread suggested,لا يقترح خبز,"high-protein,very-low-carb,moderate-fat,lunch",american
